brand,url
pool,"https://www.omnihotels.com/-/media/images/hotels/laxctr/pool/laxctr-omni-los-angeles-hotel-pool.jpg?h\u003d660\u0026la\u003den\u0026w\u003d1170"
pool,"https://www.omnihotels.com/-/media/images/hotels/ausctr/pool/ausctr-omni-austin-hotel-downtown-evening-pool.jpg?h\u003d660\u0026la\u003den\u0026w\u003d1170"
pool,"http://cdn-image.travelandleisure.com/sites/default/files/styles/1600x1000/public/lapools0715.jpg?itok\u003dSJKDZq6S"
pool,"https://media-cdn.tripadvisor.com/media/photo-s/0e/a8/7a/c8/hotel-pool.jpg"
pool,"http://www.slh.com/globalassets/experiences/heros/hotels-with-pools-hero.jpg"
pool,"http://i2.cdn.cnn.com/cnnnext/dam/assets/160502155618-terranea-vista-pool-exlarge-169.jpg"
pool,"https://www.caesars.com/content/scaffold_pages/generic/ballys/blv/en/blu_pool/_jcr_content/cards/card/featuredImage.stdimg.wide.l.cover.jpg/1491001130280.jpg"
pool,"https://media-cdn.tripadvisor.com/media/photo-s/0a/4c/24/c9/swimming-pool.jpg"
pool,"http://media.cntraveler.com/photos/574f0210c692c65508718e5f/master/w_775,c_limit/Singita-Lebombo-Lodge-pool-cr-courtesy.jpg"
pool,"https://www.parisianmacao.com/content/dam/macao/parisianmacao/master/main/homepage/Hotel/Attractions/Aqua%20World/PM_Pool_1000x333.jpg"
pool,"http://www.gleneaglehotel.com/files/hotel/hotel-a/06-leisure/Leisure_Cente_pool_1.jpg?h\u003d650\u0026w\u003d1270"
pool,"http://www.chelseatoronto.com/en/uploads/images/2015/06/deck-27-pool.jpg"
pool,"http://cdn-image.travelandleisure.com/sites/default/files/styles/1600x1000/public/local-experts-scottsdale-best-hotel-pools.jpg?itok\u003dkWWjGUJf"
pool,"https://www.omnihotels.com/-/media/images/hotels/mondtn/pool/mondtn-omni-mont-royal-pool.jpg?h\u003d660\u0026la\u003den\u0026w\u003d1170"
pool,"https://www.omnihotels.com/-/media/images/hotels/ftwdtn/pool/ftwdtn-omni-fort-worth-hotel-pool.jpg?h\u003d660\u0026la\u003den\u0026w\u003d1170"
pool,"http://82d38a4f995dabbab86a-309eed0c4335fe0e0b99b6ad003ea061.r21.cf1.rackcdn.com/lps/assets/u/she129po-194113-Swimming-Pool.jpg"
pool,"https://www.caesars.com/content/cet-global/caesars-com/linq/hotel/pool/_jcr_content/featured/image.stdimg.uwide.xl.cover.jpg/1490735326007.jpg"
pool,"http://www.discoverlosangeles.com/sites/default/files/styles/wide_1280/public/media/h_2000-crm-la-the-standard-hotel-pool-0_7b3fdecd-5056-a36f-232b40dc7038caf6.jpg?itok\u003dIRIfWNJ6"
pool,"http://cdn.grandhotel.com/2016/10/ChildrenActivites.jpg"
pool,"http://www.shangri-la.com/uploadedImages/Shangri-la_Hotels/Shangri-La_Kuala_Lumpur/SLKL-Bg-Health-Leisure-Swimming-Pool.jpg.jpg"
pool,"https://media-cdn.tripadvisor.com/media/photo-o/06/2c/5b/f4/outdoor-pool.jpg"
pool,"https://www.snhotels.com/next/brisbane/wp-content/uploads/sites/9/cache/2016/03/04-20m-Pool-overlooking-Queen-Street-Mall/3154803767.jpg"
pool,"http://www.hotelgalvez.com/photogallery/large/hotel/hotel-galvez-and-spa-galveston-swimup-bar-pool.jpg"
pool,"https://www.sino-hotels.com/hk/island-pacific/file/media/share/background/facilities/iph-content-bkg-pool.jpg"
pool,"http://www.fourseasons.com/content/dam/fourseasons/images/web/MIA/MIA_432_aspect16x9.jpg/jcr:content/renditions/cq5dam.web.720.405.jpeg"
pool,"http://cdn1.buuteeq.com/upload/2028422/rooftop-swimming-pool-leisure-hotel-brisbane-hotel-grand-chancellor-brisbane-1.jpg.694x520_0_0_3614.jpg"
pool,"https://static1.squarespace.com/static/556bd858e4b016f4bc26bad9/556d3820e4b0bcb104364a30/56773d73dc5cb43d5a9d6873/1476934531355/EN4A1894_NikkiTo+Rooftop+Pool+and+Bar+-+UTS+and+city+views_landscape.jpg?format\u003d1500w"
pool,"http://www.hotelwestport.ie/cmsGallery/imagerow/4453/resized/1260x547/pool_ocean_spirit_leisure_hotel_westport_5.jpg"
pool,"http://i2.cdn.cnn.com/cnnnext/dam/assets/160502123913-millennium-biltmore-health-club-pool-super-169.jpg"
pool,"https://www.winstarworldcasino.com/wp-content/uploads/2014/10/WinStar-World-Casino-Hotel-Pool_web_2.jpg"
pool,"http://cdn.grandhotel.com/2014/02/grand-hotel-mackinac-island-pool-game.jpg"
pool,"http://www.caravellehotel.com/content/user/8/images/1%20column/Header-1360x420-Pool.jpg"
pool,"http://i2.cdn.cnn.com/cnnnext/dam/assets/160502145843-sls-beverly-hills-pool-super-169.jpg"
pool,"https://carmelo.hyatt.com/content/dam/PropertyWebsites/unbound/carob/Media/All/737x415xCarmelo-Resort-and-Spa-P013-Outdoor-Pool.gallery-2-3-item-panel.jpg.pagespeed.ic.t60hlJzJJm.jpg"
pool,"http://9bf9ac9a3eed53610ead-5ced3b8622611961454de23b8be691ab.r71.cf1.rackcdn.com/responsive/580/9bf9ac9a3eed53610ead-5ced3b8622611961454de23b8be691ab.r71.cf1.rackcdn.com/XLGallery/Pool-at-Sheraton-Cenre.jpg"
pool,"http://www.rwsentosa.com/portals/0/rws%20revamp/hotels/hard%20rock%20hotel/Gallery/Enlarge/HRH04.jpg"
pool,"https://media-cdn.tripadvisor.com/media/photo-s/0e/a8/7a/c9/hotel-pool.jpg"
pool,"https://media-cdn.tripadvisor.com/media/photo-s/0e/a8/7a/ca/hotel-pool.jpg"
pool,"https://media-cdn.tripadvisor.com/media/photo-s/0e/a8/7a/cd/hotel-pool.jpg"
pool,"http://media.interiordesign.net.s3.amazonaws.com/thumbs_37638-1-Hotel-Meyer-Davis-Studio-refer-07-0615.jpg.770x0_q95.jpg"
pool,"http://static.asiawebdirect.com/m/bangkok/portals/bangkok-com/homepage/magazine/10-best-pool-hotels/allParagraphs/017/top10Set/04/image/siam-kempinski-hotel-pool.jpg"
pool,"https://media-cdn.tripadvisor.com/media/photo-s/02/76/1b/67/filename-p1010030-jpg.jpg"
pool,"https://www.vegas.com/traveltips/top-10-las-vegas-pools/Venetian-Pool.jpg"
pool,"http://cdn1.buuteeq.com/upload/8355/pool-awards-banner-2017.jpg.1920x807_default.jpg"
pool,"https://igx.4sqi.net/img/general/699x268/39336258_AQ1OGi6orDqIc8hIEH2wGfeqkqIADRzZEBZZWxfExiY.jpg"
pool,"https://www.omnihotels.com/-/media/images/hotels/bnadtn/pool/bnadtn-omni-nashville-hotel-pool-5.jpg?h\u003d660\u0026la\u003den\u0026w\u003d1170"
pool,"http://www.hotel-oderberger.berlin/wp-content/uploads/2015/06/startseite-hotelpool.jpg"
pool,"https://media-cdn.tripadvisor.com/media/photo-s/07/f7/41/9e/the-cool-pool.jpg"
pool,"http://cdn-image.travelandleisure.com/sites/default/files/styles/1600x1000/public/local-experts-austin-best-hotel-pools.jpg?itok\u003dCRm7Glgt"
pool,"http://cdn1.buuteeq.com/upload/765/galerias-hotel-pool.jpg.1920x807_default.jpg"
pool,"https://media-cdn.tripadvisor.com/media/photo-s/02/9c/c5/0f/filename-dscf4900-jpg.jpg"
pool,"https://s3-ap-southeast-1.amazonaws.com/newworldhotels-assets/wp-content/uploads/sites/18/2014/06/Swimming_Pool-1024x680.jpg"
pool,"https://media-cdn.tripadvisor.com/media/photo-s/0e/11/d8/3e/outdoor-swimming-pool.jpg"
pool,"http://cdn-image.travelandleisure.com/sites/default/files/styles/tnl_redesign_article_landing_page/public/palazzo-azure-pool.jpg?itok\u003drKrs5hFa"
pool,"https://s-media-cache-ak0.pinimg.com/736x/a5/61/58/a561581b219c1c38a0c850b986cb1474.jpg"
pool,"https://www.amarehotels.com/wp-content/uploads/2015/11/piscina-amare-pool.jpg"
pool,"https://media-cdn.tripadvisor.com/media/photo-o/09/28/65/29/pool.jpg"
pool,"http://images.huffingtonpost.com/2016-07-08-1467983660-6872995-poolv4182902720.jpg"
pool,"https://www.hardrockhotel.com/las-vegas-amenities/images/Dish-Pool-500x500.jpg"
pool,"https://static1.squarespace.com/static/57161d1d9f7266703b61c07c/572873d8555986aaa4eb104c/573ec2cb0442620ca05b8654/1463730903791/Spa+-pool.jpg"
pool,"https://media-cdn.tripadvisor.com/media/photo-o/06/2a/df/14/pool.jpg"
pool,"https://thumb1.shutterstock.com/display_pic_with_logo/1340188/393187858/stock-photo-beautiful-luxury-swimming-pool-with-palm-tree-and-sea-background-in-hotel-pool-resort-boost-up-393187858.jpg"
pool,"https://www.sheratononthefalls.com/wp-content/uploads/2015/12/indoor-pool.jpg"
pool,"https://cdn0.vox-cdn.com/thumbor/47u-6nnHrf87P8zBuNQbSSvUGYc\u003d/0x65:291x283/1200x900/filters:focal(0x65:291x283)/cdn0.vox-cdn.com/uploads/chorus_image/image/48010119/raleigh-hotel-pool.0.jpg"
pool,"http://www.masterpoolsguild.com/wp-content/uploads/2014/06/banner3.jpg"
pool,"http://images.huffingtonpost.com/2016-07-08-1467983851-3757522-mainpoolv5419056720.jpg"
pool,"http://ellees.h-cdn.co/assets/15/37/original/original-ra-piscinas-de-hotel-increibles-11847651-4-esl-es-las-piscinas-de-hotel-mas-increibles-del-mundo-jpg.jpg"
pool,"http://www.hotelesestelar.com/eng/wp-content/uploads/slideshow-gallery/EST_Villavicencio_piscina_10.jpg"
pool,"http://7c51efc8bbec46e6407d-49924406279d4482d354e6dbb78ce0ca.r10.cf2.rackcdn.com/a5ea55bcf18085532b62234d79eef0ae-3c9f9cef88416a5ada4421e5b30c3213.jpg"
pool,"http://e9ebe5407da4eba47f00-d6f6415c00b9ecd63acbce0f6f258ce1.r97.cf1.rackcdn.com/responsive/580/e9ebe5407da4eba47f00-d6f6415c00b9ecd63acbce0f6f258ce1.r97.cf1.rackcdn.com/XLGallery/WAustinHotel-WETDeck.jpg"
pool,"http://www.thegreenwichhotel.com/wp-content/uploads/2013/04/Pool-Long-Shot-High.jpg"
pool,"https://media-cdn.tripadvisor.com/media/photo-s/09/91/9f/3f/brepcfreestyle-pool.jpg"
pool,"http://cdn1.buuteeq.com/upload/2025430/hotel-lovec-pool.jpg.1920x810_default.jpeg"
pool,"https://cdn0.vox-cdn.com/thumbor/AvqIoKKylW9kfmpcMzb921Bb0bo\u003d/112x0:1933x1366/1200x900/filters:focal(112x0:1933x1366)/cdn0.vox-cdn.com/uploads/chorus_image/image/50206795/dauphine-new-orleans-pool.0.0.jpg"
pool,"https://www.crownperth.com.au/getmedia/075c28e1-7ae2-45c9-abbf-7bc597b6674d/160705-Crown-Perth-Hotels-Crown-Metropol-Hotel-Industry-Awards-Quad-974x676px-Quad01.jpg.aspx?width\u003d974\u0026height\u003d676\u0026ext\u003d.jpg"
pool,"https://upload.wikimedia.org/wikipedia/commons/thumb/9/92/Backyardpool.jpg/1200px-Backyardpool.jpg"
pool,"https://media-cdn.tripadvisor.com/media/photo-s/0d/83/b4/1f/indoor-pool.jpg"
pool,"http://www.heritageparkhotel.com.sb/images/home/heritage-park-hotel-pool.jpg"
pool,"http://cdn1.buuteeq.com/upload/2020653/pool-03.jpg.1140x481_0_108_5937.jpg"
pool,"https://singapore.grand.hyatt.com/content/dam/PropertyWebsites/grandhyatt/sinrs/Media/All/Grand-Hyatt-Singapore-P100-Damai-Pool.masthead-feature-panel-medium.jpg"
pool,"http://doubletree3.hilton.com/resources/media/dt/BOSBFDT/en_US/img/shared/full_page_image_gallery/main/DT_indoorpool01_10_1280x560_FitToBoxSmallDimension_LowerCenter.jpg"
pool,"http://da96b4152c3746da9604-0206d5d1aaaf1750f314ee2cc5235d4f.r47.cf1.rackcdn.com/XLGallery/she761po-108329-Indoor-pool.jpg"
pool,"https://res.cloudinary.com/dmh2cjswj/image/upload/v1443621725/SAN/about/van-pool.jpg"
pool,"http://www.ibizacorso.com/themes/media/se317-4551-la-terraza-pool-lounge.jpg"
pool,"https://media-cdn.tripadvisor.com/media/photo-s/02/2e/0d/6a/oasis-pool.jpg"
pool,"http://cdn1.buuteeq.com/upload/2078126/bk-low-08-pool-bar-ppgg-0531-532-3.JPG.1920x810_0_244_9375.jpeg"
pool,"http://www.thehotelhershey.com/assets/images/recreation/facilities/lg-rec-pool-indoor-roomview.jpg"
pool,"https://media-cdn.tripadvisor.com/media/photo-s/0e/73/f9/a0/outdoor-pool.jpg"
pool,"https://redrock.sclv.com/~/media/Images/Page-Background-Images/Red-Rock/Hotel/RR_Hotel_Pool_03.jpg?h\u003d630\u0026la\u003den\u0026w\u003d1080"
pool,"https://media-cdn.tripadvisor.com/media/photo-s/0a/2d/64/68/peppermill-upper-pool.jpg"
pool,"http://cdn1.buuteeq.com/upload/2028412/swimming-pool-hotel-grand-chancellor-palm-cove-1.jpg.1920x810_0_297_10000.jpeg"
pool,"https://cdn0.vox-cdn.com/thumbor/5zWsOdQnpFQfo7-c_HilzctLLy0\u003d/41x0:708x500/1200x900/filters:focal(41x0:708x500)/cdn0.vox-cdn.com/uploads/chorus_image/image/48010117/1933139_10150117183889233_4714631_o.0.jpg"
pool,"http://moosehotelandsuites.com/wp-content/uploads/2016/06/amenities-hot-pools-1080.jpg"
pool,"http://en.palacehoteltokyo.com/wp-content/uploads/Palace-Hotel-Tokyo-H-Swimming-Pool-III.jpg"
pool,"http://www.islands.com/sites/islands.com/files/styles/large_1x_/public/images/2017/03/best-hotel-pools-caribbean-10-hard_rock_hotel_riviera_maya_aerial-of-hacienda-pool.jpg?itok\u003dzrHWCa6Y"
pool,"http://www.tullamorecourthotel.ie/upload/slide_images/leisure-centre_pool.jpg"
pool,"http://www.senatorcadizspahotel.com/wp-content/blogs.dir/513/files/photogallery-piscina/thumbs/xthumbs_piscina_3.jpg.pagespeed.ic.4ZUxiKKLNm.jpg"
pool,"http://slshotels.s3.amazonaws.com/wp-content/blogs.dir/3/files/2012/11/Hyde-Beach-Pool_620x465.jpg"
pool,"https://www.baccarathotels.com/sites/default/files/styles/image_gallery/public/image_gallery/baccarat_hotel_nyc_june_2015_7.jpg?itok\u003dUnxZt1Pb"
pool,"http://www.themargi.gr/wp-content/uploads/2016/03/Pool-Cabanas-1249.jpg"
beach,"https://media-cdn.tripadvisor.com/media/photo-s/0e/9c/41/45/img-20170215-112423-684.jpg"
beach,"https://upload.wikimedia.org/wikipedia/commons/c/c3/Batam_Turi_Beach_Hotel.jpg"
beach,"http://www.oceanspahotel.com/mx/wp-content/uploads/2014/06/Ocean-Spa-Hotel-beach.jpg"
beach,"https://upload.wikimedia.org/wikipedia/commons/c/ca/Cardozo_Hotel_%28Miami_Beach%29.jpg"
beach,"https://upload.wikimedia.org/wikipedia/commons/7/7e/Hotel_Imperial_Bulgaria_Sunny_Beach.jpg"
beach,"http://media.cntraveler.com/photos/5834bc6fbfbc10942ab37a80/master/w_775,c_limit/Rooftop-1HotelSouthBeach-MiamiFL-CRHotel.jpg"
beach,"https://upload.wikimedia.org/wikipedia/commons/4/42/Coronado_del_Hotel_from_the_beach.jpg"
beach,"https://media-cdn.tripadvisor.com/media/photo-s/0c/8e/38/a4/mishol-hotel-beach-club.jpg"
beach,"https://media-cdn.tripadvisor.com/media/photo-s/08/27/2e/71/1-hotel-south-beach.jpg"
beach,"https://upload.wikimedia.org/wikipedia/en/7/75/Flamingo_hotel_miami_beach_postcard.jpg"
beach,"https://media-cdn.tripadvisor.com/media/photo-s/0e/10/03/93/photo0jpg.jpg"
beach,"http://cdn1.buuteeq.com/upload/2169/pool-building-evening.jpg.1140x481_0_589_6871.jpg"
beach,"https://media-cdn.tripadvisor.com/media/photo-s/0e/8d/b4/dd/photo8jpg.jpg"
beach,"https://media-cdn.tripadvisor.com/media/photo-s/0c/8e/38/e3/mishol-hotel-beach-club.jpg"
beach,"http://www.montecarlosbm.com/wp-content/uploads/2016/04/hotel-monte-carlo-beach-monaco-28.jpg"
beach,"http://galeria.mexicohoteles.com.mx/galeria-Alberca-Hotel-Beach-Palace-Cancun-1465579539.jpg"
beach,"https://media-cdn.tripadvisor.com/media/photo-s/08/27/34/0c/1-hotel-south-beach.jpg"
beach,"http://cdn1.buuteeq.com/upload/2007035/711-pacific-beach-dr-030-1.jpg.1920x807_0_244_10000.jpg"
beach,"https://media-cdn.tripadvisor.com/media/photo-s/0e/e9/47/dd/hotel-iberostar-marbella.jpg"
beach,"https://upload.wikimedia.org/wikipedia/commons/thumb/c/c4/Djerba_el_mouradi_menzel_hotel_beach-8.jpg/1024px-Djerba_el_mouradi_menzel_hotel_beach-8.jpg"
beach,"https://media-cdn.tripadvisor.com/media/photo-s/0c/8e/38/c1/mishol-hotel-beach-club.jpg"
beach,"https://lh3.googleusercontent.com/-DYouNUttIjI/Uh4rsWqIzkI/AAAAAAAAUxo/id_JBYClrp0qbz-nbR_h90EJpGaE31w1gCHM/s640/hotel-ab-beach-higuerote%2B%252845%2529.JPG"
beach,"http://cdn1.buuteeq.com/upload/18501/banner-fotografico.jpg.1920x810_0_48_24000.jpeg"
beach,"https://upload.wikimedia.org/wikipedia/commons/a/a9/Cardozo-hotel-miami-beach.JPG"
beach,"https://media-cdn.tripadvisor.com/media/photo-s/0b/06/bc/71/hotel-on-vacation-beach.jpg"
beach,"https://hotels1.cdn.iberostar.com/uploads/image/10269/crops/14:4/1400/image.jpg"
beach,"https://media-cdn.tripadvisor.com/media/photo-s/0e/0f/be/88/playa-los-arcos-hotel.jpg"
beach,"https://upload.wikimedia.org/wikipedia/commons/9/9f/Beach_Resort_%28Africa_Beach_Hotel%29%2C_Sekondi-Takoradi.jpg"
beach,"https://upload.wikimedia.org/wikipedia/commons/2/26/Falmouth_Beach_Hotel_-_geograph.org.uk_-_462639.jpg"
beach,"https://upload.wikimedia.org/wikipedia/commons/6/64/Colony_Hotel_Miami_Beach_Izzy.JPG"
beach,"https://upload.wikimedia.org/wikipedia/commons/f/ff/Peter_Miller_Hotel_1973_Miami_Beach.jpg"
beach,"http://cdn1.buuteeq.com/upload/2021574/prodigy-beach-resort-marupiara-1-imagens-ae-a-reas-001.jpg.1920x810_default.jpeg"
beach,"http://cdn1.buuteeq.com/upload/2021574/prodigy-beach-resort-marupiara-5-piscina-069.jpg.1920x810_default.jpeg"
beach,"https://media-cdn.tripadvisor.com/media/photo-s/0e/64/e5/be/san-juan-water-beach.jpg"
beach,"http://cdn1.buuteeq.com/upload/5277/playa-hotel-cocoplum-chica1.jpg.1920x810_default.jpeg"
beach,"https://media-cdn.tripadvisor.com/media/photo-s/0e/ab/31/c4/hotel-barcelo-maya-beach.jpg"
beach,"https://lh3.googleusercontent.com/-FfqtnousajM/Uh4rhfJe9UI/AAAAAAAAUvc/f_M_kkQcMBs6cOkFpIzJ8Z2Fg1ZUwr8BQCHM/s640/hotel-ab-beach-higuerote%2B%252828%2529.JPG"
beach,"http://cdn1.buuteeq.com/upload/2011264/unnamed.jpg.1030x434_default.jpg"
beach,"https://upload.wikimedia.org/wikipedia/commons/2/27/Mauna_Kea_hotel.jpg"
beach,"https://lh3.googleusercontent.com/-y1v-fj9r7vk/U3oyBh6IOxI/AAAAAAAAd5o/n3fwmObiHmY-udebGOWSNHrOGnUxJZicACHM/s512/hotel-el-yaque-beach-margarita-windsurfing-kitesurfing%2B%25282%2529.jpg"
beach,"https://lh3.googleusercontent.com/-f8bpvNOtc2c/U3oyQeuBOII/AAAAAAAAd64/GOJdyi0cXuAVOL8ly0h0Z7uJtMAk3rJmgCHM/s512/hotel-el-yaque-beach-margarita-windsurfing-kitesurfing%2B%25283%2529.jpg"
beach,"http://www.hotelplayadoradabeach.com/galerias/restaurante/kokomos.JPG"
beach,"https://media-cdn.tripadvisor.com/media/photo-o/0b/06/bc/70/hotel-on-vacation-beach.jpg"
beach,"https://static1.squarespace.com/static/54d93f9ae4b02e032d884e17/t/54d9493fe4b095c7f2b92d12/1423526220302/Beach+Club+post+card.jpg?format\u003d1500w"
beach,"http://www.montecarlosbm.com/wp-content/uploads/2016/04/hotel-monte-carlo-beach-monaco.jpg"
beach,"https://lh3.googleusercontent.com/-_uhdx0Z0CJg/U3oyX8-IKsI/AAAAAAAAd7Y/ynwo8FWj-zc1KQ041f9kjHE99Es-tWvyACHM/s512/hotel-el-yaque-beach-margarita-windsurfing-kitesurfing%2B%25287%2529.jpg"
beach,"https://static.wixstatic.com/media/6e50c5_89d387f16019476c9022e5c2a32689e0.jpg_srz_960_720_85_22_0.50_1.20_0.00_jpg_srz"
beach,"https://lh3.googleusercontent.com/-fMNx9v93iow/U3oyZip-VhI/AAAAAAAAd7g/3dH4C7CwYv4be_qaGW8TFQunmczPXOMZwCHM/s512/hotel-el-yaque-beach-margarita-windsurfing-kitesurfing%2B%25285%2529.jpg"
beach,"https://lh3.googleusercontent.com/-r-vF89hut00/Uh4rZkLtmfI/AAAAAAAAUt0/cdLClDlkv_QglLZXHmzhAvTzeIRkKWrXgCHM/s640/hotel-ab-beach-higuerote%2B%252815%2529.JPG"
beach,"https://lh3.googleusercontent.com/-l_hDT8MfYwc/U3ox_sIk2YI/AAAAAAAAd5Y/bxtyVIns4h8BzIh-_OhYo97aguRWhu_YQCHM/s640/hotel-el-yaque-beach-margarita-windsurfing-kitesurfing%2B%252819%2529.jpg"
beach,"https://lh3.googleusercontent.com/-SmjVTX6n0DA/Uh4rpVkJqFI/AAAAAAAAUxI/c0HrHrLuib4ZWpiDjH9XbgcDDfk3FaLMgCHM/s640/hotel-ab-beach-higuerote%2B%252841%2529.JPG"
beach,"http://cdn1.buuteeq.com/upload/18501/_mam7542-1.jpg.1920x810_default.jpeg"
beach,"https://upload.wikimedia.org/wikipedia/commons/7/7a/Beach_hotel_galveston.jpg"
beach,"https://d4qwptktddc5f.cloudfront.net/easy_thumbnails/thumbs_96899-grassman-1Hotel-Meyer-Davis-Studio-0615.jpg.770x0_q95_crop-smart_upscale.jpg"
beach,"https://lh3.googleusercontent.com/-Ix-Bwdtktsc/Uh4rrqQrlpI/AAAAAAAAUxg/N9lxK4DiRx8I6cr6a52e1o8IEcLpvcWxACHM/s512/hotel-ab-beach-higuerote%2B%252844%2529.JPG"
beach,"https://media-cdn.tripadvisor.com/media/photo-s/0e/0f/be/87/playa-los-arcos-hotel.jpg"
beach,"https://static1.squarespace.com/static/559cb7d4e4b02b8a201a6ab3/t/55a4b36fe4b034f4ee1643ca/1436857203493/BEACH-RD-EXTERIOR-SUNSET.jpg?format\u003d2500w"
beach,"http://www.sheraton-waikiki.com/images/renew/img_dining.jpg"
beach,"https://media-cdn.tripadvisor.com/media/photo-s/07/f9/28/a6/hotel-on-vacation-beach.jpg"
beach,"http://cdn1.buuteeq.com/upload/2010720/veniceotbhotel-97.jpg.1920x807_0_24_10000.jpg"
beach,"http://www.azulinehotels.com/themes/media/1920x620xse256-4079-hotel-en-santa-eulalia-ibiza-ideal-para-familias-y-parejas.jpg.pagespeed.ic.cq8texKAfM.jpg"
beach,"https://rinela.mitsishotels.com/sites/rinela.mitsishotels.com/files/exteriors-rinela-beach-hotel-mitsis-hotels-greece-crete-1_0.jpg"
beach,"https://media-cdn.tripadvisor.com/media/photo-s/0b/06/bc/6e/hotel-on-vacation-beach.jpg"
beach,"https://d.otcdn.com/imglib/hotelfotos/8/209/hotel-celuisma-cabarete-012.jpg"
beach,"https://media-cdn.tripadvisor.com/media/photo-s/08/27/34/cf/1-hotel-south-beach.jpg"
beach,"http://cdn1.buuteeq.com/upload/2169/img-7424.jpg.1140x481_0_108_11132.jpg"
beach,"http://galeria.mexicohoteles.com.mx/galeria-Habitaciones-Hotel-Beach-Palace-Cancun-1465579441.jpg"
beach,"http://media.cntraveler.com/photos/5834bc6ebfbc10942ab37a7c/master/w_775,c_limit/Entrance2-1HotelSouthBeach-MiamiFL-CRHotel.jpg"
beach,"http://media.cntraveler.com/photos/583461493c3a00a03103629d/master/w_775,c_limit/Sculpture-FaenaHotelMiamiBeach-MiamiFL-CRHotel.jpg"
beach,"https://static.wixstatic.com/media/6e50c5_a7402493fafc4c179f6e3bd5f0066c4e.jpg_srz_2816_2112_85_22_0.50_1.20_0.00_jpg_srz"
beach,"https://i0.wp.com/unaarjoneraenmallorca.com/wp-content/uploads/2013/06/canyamel-desde-hotel.jpg.jpg"
beach,"https://exp.cdn-hotels.com/hotels/2000000/1050000/1046900/1046894/1046894_150_z.jpg"
beach,"http://cdn1.buuteeq.com/upload/18501/hidromassagens.jpg.1920x810_default.jpeg"
beach,"http://cdn1.buuteeq.com/upload/24051/guest-room-3-best-western-jaco-beach-all-inclusive-resort.jpg.1920x810_default.jpeg"
beach,"https://www.miamihotelgrandbeach.com/admin/imagegallery/images/homepage/home-beach.jpg"
beach,"http://cdn1.buuteeq.com/upload/18501/cafe-da-manha.jpg.1920x810_default.jpeg"
beach,"http://media.cntraveler.com/photos/5834bc6c69cb77371e3a01ce/master/w_775,c_limit/Entrance-1HotelSouthBeach-MiamiFL-CRHotel.jpg"
beach,"http://media.cntraveler.com/photos/5834bc6e3c3a00a0310362d7/master/w_775,c_limit/Lobby2-1HotelSouthBeach-MiamiFL-CRHotel.jpg"
beach,"https://media-cdn.tripadvisor.com/media/photo-s/0b/80/be/01/no-1-ni-2-5.jpg"
beach,"http://www.montecarlosbm.com/wp-content/uploads/2016/04/hotels-monte-carlo-beach-monaco-2.jpg"
beach,"http://cdn1.buuteeq.com/upload/25140/7541.jpg.1920x810_0_273_10000.jpeg"
beach,"http://cdn1.buuteeq.com/upload/2169/img-7930.jpg.1140x481_11_111_11330.jpg"
beach,"http://www.luishoteles.com/cache/c4/60/c4603249c3562bac419829606f423561.jpg"
beach,"https://media-cdn.tripadvisor.com/media/photo-s/0e/62/f7/ad/photo2jpg.jpg"
beach,"https://media-cdn.tripadvisor.com/media/photo-s/0a/d2/9a/d8/photo0jpg.jpg"
beach,"https://media-cdn.tripadvisor.com/media/photo-s/03/be/48/89/labadi-beach-hotel.jpg"
beach,"http://cdn1.buuteeq.com/upload/2169/richmond-guestroom.jpg.1140x481_default.jpg"
beach,"http://www.karismahotels.com/portals/0/hotelResorts/Azul/Beach/Highlights/hero.jpg"
beach,"https://www.miamihotelgrandbeach.com/admin/imagegallery/images/homepage/home-relax.jpg"
beach,"https://media-cdn.tripadvisor.com/media/photo-s/0e/8d/b4/dc/photo7jpg.jpg"
beach,"https://adrinabeach.com/wp-content/uploads/2012/11/skopelos-hotels-adrina-beach.jpg"
beach,"http://www.belivehotels.com/imagenes/TiposHabHotel/deluxe-ov-beach.jpg"
beach,"http://www.venezuelatuya.com/hoteles/fotos/01/122/foto4.jpg"
beach,"https://media-cdn.tripadvisor.com/media/photo-s/0e/9c/41/43/img-20170210-211945-largejpg.jpg"
beach,"https://exp.cdn-hotels.com/hotels/7000000/6050000/6042500/6042405/6042405_23_z.jpg"
beach,"https://www.decameron.com/images/hoteles/jamaica/cornwall-beach/cornwall-ab.jpg"
beach,"http://www.geraniotisbeach.com/flash/home/1.jpg"
beach,"https://media-cdn.tripadvisor.com/media/photo-s/0e/9c/41/44/img-20170211-wa0004-largejpg.jpg"
beach,"http://www.azulinehotels.com/themes/media/1920x620xse258-0285-servicios-y-facilidades-del-azuline-hotel-coral-beach.jpg.pagespeed.ic.RNtZuUoMGi.jpg"
beach,"https://s-media-cache-ak0.pinimg.com/originals/4f/3d/83/4f3d830c2d86094412eb357ae0d33707.jpg"
bathroom,"https://s-media-cache-ak0.pinimg.com/originals/65/a5/e5/65a5e55ae09cda803e37b50cb53886cd.jpg"
bathroom,"https://s-media-cache-ak0.pinimg.com/736x/7d/eb/32/7deb320851b2902c28d7607597e317e0.jpg"
bathroom,"https://s-media-cache-ak0.pinimg.com/736x/1c/51/db/1c51dba47a6ae991f3c9f607b03f4afc.jpg"
bathroom,"https://s-media-cache-ak0.pinimg.com/736x/f5/c3/6f/f5c36fcdf9b6ae78dbf2f5b36dd8c3c7.jpg"
bathroom,"https://s-media-cache-ak0.pinimg.com/736x/4f/d2/2e/4fd22ed450d86a9cd898ccf7e6fe263d.jpg"
bathroom,"https://napa.andaz.hyatt.com/content/dam/PropertyWebsites/andaz/apcrn/Media/All/737x415xAndaz-Napa-P110-Bathroom.gallery-2-3-item-panel.jpg.pagespeed.ic.jGH-blmZOt.jpg"
bathroom,"http://marltonhotel.com/uploads/application/images/4nnnee1261rx4cz25u8x6i3haisgcb3hcq5r3mn0ei9wh31vkm.jpg"
bathroom,"http://e-partenaire.com/wp-content/uploads/2016/11/hotel-bathroom-design-home-design-ideas-cheap-hotel-bathroom-design.jpg"
bathroom,"http://www.notcot.com/images/2009/05/ace9.jpg"
bathroom,"https://s-media-cache-ak0.pinimg.com/736x/50/28/79/5028797a8769c9a8b636f285d888ee97.jpg"
bathroom,"http://emploispro.com/wp-content/uploads/2016/10/5-star-bathrooms-5-star-bathrooms-5-star-bathrooms-5-star-hotel-bathrooms-at-home-set.jpg"
bathroom,"https://media.cntraveler.com/photos/56a26f4ac58591430b12f4ff/master/pass/dirty-hotel-bathroom-t.jpg"
bathroom,"http://e-partenaire.com/wp-content/uploads/2016/11/best-best-home-interior-for-hotel-bathroom-design-furniture-and-unique-hotel-bathroom-design.jpg"
bathroom,"https://s-media-cache-ak0.pinimg.com/736x/d1/e7/0e/d1e70e5162fa8583265b283cf4658acf.jpg"
bathroom,"http://cdn-image.travelandleisure.com/sites/default/files/styles/tnl_redesign_article_landing_page/public/images/amexpub/0022/6339/201106-w-bathrooms-the-ritz.jpg?itok\u003dTBTKkyJf"
bathroom,"http://capitolfile-magazine.com/get/files/image/galleries/58---Thomas-Jefferson-Suite-Bathroom.jpg"
bathroom,"http://www.edenrockhotel.com/media/2196/acc-suites-diamond-james-bathroom.jpg?anchor\u003dcenter\u0026mode\u003dcrop\u0026quality\u003d100\u0026width\u003d1120\u0026heightratio\u003d0.4166666666666666666666666667\u0026slimmage\u003dtrue\u0026rnd\u003d130857623950000000"
bathroom,"https://media-cdn.tripadvisor.com/media/photo-s/02/9b/d3/71/filename-img-6263-jpg.jpg"
bathroom,"https://images.oyster.com/photos/bathroom-superior-room-the-beverly-hills-hotel-v507959-720.jpg"
bathroom,"https://s-media-cache-ak0.pinimg.com/736x/2d/09/7a/2d097aa783b693a10f6d35b03eee69c1.jpg"
bathroom,"https://images.oyster.com/photos/bathroom-park-deluxe-room-park-hyatt-washington-v623047-1280.jpg"
bathroom,"https://images.oyster.com/photos/bathroom-st-regis-suite-the-st-regis-san-francisco-v569507-1280.jpg"
bathroom,"https://s-media-cache-ak0.pinimg.com/736x/5d/0b/dd/5d0bdd7a0b48e6029afc53000f3497e7.jpg"
bathroom,"https://chicagomidwayairport.place.hyatt.com/content/dam/PropertyWebsites/place/chizm/Media/All/737x415xHyatt-Place-Chicago-Midway-P031-Standard-Bathroom.gallery-2-3-item-panel.jpg.pagespeed.ic.HqHMMdGkLI.jpg"
bathroom,"http://hgtvhome.sndimg.com/content/dam/images/hgtv/fullset/2008/12/11/0/iStock2234284_clean-house_s3x4.jpg.rend.hgtvcom.1280.1707.jpeg"
bathroom,"https://media-cdn.tripadvisor.com/media/photo-s/0b/09/34/56/hotel-bathroom.jpg"
bathroom,"http://hamptoninn3.hilton.com/resources/media/hp/PWMBAHX/en_US/img/shared/full_page_image_gallery/main/HX_bathvnty_18_425x303_FitToBoxSmallDimension_Center.jpg"
bathroom,"http://maisonvalentina.net/blog/wp-content/uploads/2016/04/feature-MV-.jpg"
bathroom,"https://capitolfile-magazine.com/get/files/image/galleries/Four-Seasons-Hotel-.jpg"
bathroom,"https://media-cdn.tripadvisor.com/media/photo-s/03/f5/81/eb/mardale-hotel-bathroom.jpg"
bathroom,"http://e-partenaire.com/wp-content/uploads/2016/11/hotel-bathroom-design-home-design-ideas-simple-hotel-bathroom-design.jpg"
bathroom,"https://s-media-cache-ak0.pinimg.com/736x/c2/ae/44/c2ae44b3b9a729651d5db8d14a1fc2a4.jpg"
bathroom,"https://media-cdn.tripadvisor.com/media/photo-s/09/e7/b1/6f/tortuga-bay-hotel-bathroom.jpg"
bathroom,"https://www.remodelista.com/wp-content/uploads/2014/01/ace-hotel-los-angeles-bathroom-remodelista-1.jpg"
bathroom,"https://media-cdn.tripadvisor.com/media/photo-s/0e/12/04/e8/img-20170105-wa0006-largejpg.jpg"
bathroom,"http://conradhotels3.hilton.com/resources/media/ch/SELCICI/en_US/img/shared/full_page_image_gallery/main/CN_twinbathroom01_27_700x525_FitToBoxSmallDimension_Center.jpg"
bathroom,"https://media-cdn.tripadvisor.com/media/photo-s/0e/5c/37/ef/newpark-hotel-bathroom.jpg"
bathroom,"http://conradhotels3.hilton.com/resources/media/ch/SELCICI/en_US/img/shared/full_page_image_gallery/main/CN_bathroom03_15_700x525_FitToBoxSmallDimension_Center.jpg"
bathroom,"https://s-media-cache-ak0.pinimg.com/736x/c9/29/5a/c9295abef84d0da6730961eba09ac731.jpg"
bathroom,"https://media-cdn.tripadvisor.com/media/photo-s/08/38/59/97/akali-hotel-bathroom.jpg"
bathroom,"https://s-media-cache-ak0.pinimg.com/736x/c8/c9/e5/c8c9e523c866a809107f58ab73cff38e.jpg"
bathroom,"http://homewoodsuites3.hilton.com/resources/media/hw/MEMPOHW/en_US/img/shared/full_page_image_gallery/main/HG_stbathmirror001_21_505x305_FitToBoxSmallDimension_Center.jpg"
bathroom,"https://s-media-cache-ak0.pinimg.com/736x/b1/da/bb/b1dabb6bccfa84f33e0f9609673d418b.jpg"
bathroom,"https://www.vegas.com/traveltips/top-bathrooms-las-vegas/guide-hotel-32.jpg"
bathroom,"http://www.starhotels.com/assets/uploads/hotels/splendid_venice/mediagallery-splendid/Starhotels%20Splendid%20Venice_Ve_Deluxe_Bathroom_1.jpg"
bathroom,"https://media-cdn.tripadvisor.com/media/photo-s/01/2b/a2/ed/omni-hotel-bathroom-chicago.jpg"
bathroom,"https://media-cdn.tripadvisor.com/media/photo-s/08/cd/ef/8b/the-hotel-bathroom.jpg"
bathroom,"https://media-cdn.tripadvisor.com/media/photo-s/0d/75/da/02/hotel-bathroom.jpg"
bathroom,"http://media.cntraveler.com/photos/571e39a3fe5fd76f60bc0c9b/master/w_775,c_limit/PresidentalSuite_8_Le_Royal_Monceau_Raffles_Paris-329.jpg"
bathroom,"https://s-media-cache-ak0.pinimg.com/736x/e3/22/ce/e322ce77337726be894e5f656ec730ac.jpg"
bathroom,"https://media-cdn.tripadvisor.com/media/photo-s/0d/f2/be/33/hotel-bathroom.jpg"
bathroom,"http://media.cntraveler.com/photos/572a4d32ef80b66d16718225/master/w_775,c_limit/Vik-Vessel-Vina-Vik.jpg"
bathroom,"https://images.oyster.com/photos/bathroom-double-studio-room-the-regent-bal-harbour-v62089-1280.jpg"
bathroom,"https://media-cdn.tripadvisor.com/media/photo-s/0e/4b/7a/61/hotel-bathroom.jpg"
bathroom,"https://a.dilcdn.com/bl/wp-content/uploads/sites/8/2013/04/25-Best-Hotel-bathrooms-.jpg"
bathroom,"http://bestwesterngilroy.com/wp-content/gallery/header-gallery/Best-Western-Gilroy-Hotel-Bathroom.jpg"
bathroom,"https://media-cdn.tripadvisor.com/media/photo-s/0d/dc/c8/72/hotel-bathroom.jpg"
bathroom,"https://media-cdn.tripadvisor.com/media/photo-s/0d/7c/67/27/hotel-bathroom.jpg"
bathroom,"https://s-media-cache-ak0.pinimg.com/736x/dc/25/f3/dc25f3e9e47a05b3d956c468f5056e9f.jpg"
bathroom,"http://e-partenaire.com/wp-content/uploads/2016/11/hotel-bathroom-design-luxury-luxury-hotel-toilet-interior-design-inspiring-hotel-bathroom-design.jpg"
bathroom,"https://images.trvl-media.com/hotels/1000000/10000/7700/7691/7691_225_z.jpg"
bathroom,"https://media-cdn.tripadvisor.com/media/photo-s/0e/7f/2f/58/hotel-bathroom.jpg"
bathroom,"https://media-cdn.tripadvisor.com/media/photo-s/0d/f2/be/48/hotel-bathroom.jpg"
bathroom,"https://images.oyster.com/photos/bathroom-mountain-lanai-room-the-kahala-hotel-resort-v341785-1280.jpg"
bathroom,"https://media-cdn.tripadvisor.com/media/photo-s/01/2e/45/86/gran-hotel-bathroom.jpg"
bathroom,"http://cdn1.buuteeq.com/upload/12059/susan-bathroom.jpg.1236x617_default.jpg"
bathroom,"https://mrandmrssmith-wpengine.netdna-ssl.com/wp-content/uploads/2008/09/rivington.jpg"
bathroom,"https://s-media-cache-ak0.pinimg.com/736x/a8/30/9a/a8309ac458dca3f0aaddd863e9158990.jpg"
bathroom,"https://s-media-cache-ak0.pinimg.com/736x/4c/ee/e8/4ceee8f5e4994d6c7d8142cb7924c127.jpg"
bathroom,"http://hgtvhome.sndimg.com/content/dam/images/hgrm/fullset/2011/7/15/1/SP0036_RX-french-country_s3x4.jpg.rend.hgtvcom.1280.960.jpeg"
bathroom,"https://media-cdn.tripadvisor.com/media/photo-s/01/2b/a2/f1/omni-hotel-chicago-bathroom.jpg"
bathroom,"https://s-media-cache-ak0.pinimg.com/originals/1d/d8/06/1dd806417ed1ba43935c1fe663a7ddb8.jpg"
bathroom,"https://s-media-cache-ak0.pinimg.com/736x/2e/5f/e2/2e5fe2fe94874839e851432499aaa6c9.jpg"
bathroom,"http://www.bestwesternbloomington.com/images/uploads/bloomington/galleries/Bloomington-Hotel-Bathroom_1.jpg"
bathroom,"https://s-media-cache-ak0.pinimg.com/736x/79/88/68/79886831ca4bdc5b530195a7a665179c.jpg"
bathroom,"https://s-media-cache-ak0.pinimg.com/736x/e6/32/84/e632846b4ca7c1da80d4fe6b9e05b71a.jpg"
bathroom,"https://s-media-cache-ak0.pinimg.com/736x/f9/39/d5/f939d5b23af6705b3b66fea129b5efe4.jpg"
bathroom,"https://s-media-cache-ak0.pinimg.com/736x/ac/5e/ab/ac5eabdc1338c682cd764795b31dc703.jpg"
bathroom,"https://s-media-cache-ak0.pinimg.com/736x/8b/4c/6a/8b4c6af2a766e8a528d1b684d7171728--hotel-bathrooms-luxury-hotel-bathroom.jpg"
bathroom,"https://s-media-cache-ak0.pinimg.com/736x/89/37/64/89376435fe96bd6a3a5296d5e17d621c.jpg"
bathroom,"https://s-media-cache-ak0.pinimg.com/736x/36/0f/bd/360fbd02ecc12a476fb2d76afcee649a.jpg"
bathroom,"https://s-media-cache-ak0.pinimg.com/736x/13/76/4b/13764bc86183ee452da0999a906df8b5.jpg"
bathroom,"http://sipcoss.com/wp-content/uploads/2015/01/9990-bathroom-design-ideas-hotel-bathroom-design-photos-bathroom-shower_1440x900.jpg"
bathroom,"https://media-cdn.tripadvisor.com/media/photo-s/0d/f8/c2/0d/hotel-bathroom.jpg"
bathroom,"https://media-cdn.tripadvisor.com/media/photo-s/0d/3c/5d/3a/minerva-hotel-bathroom.jpg"
bathroom,"http://www.parisplanet.com/paris_hotels/Hotel_Le_Six_Paris/hotel-le-six-bathroom-detail-19.jpg"
bathroom,"https://media-cdn.tripadvisor.com/media/photo-s/06/b6/ec/77/next-hotel-bathroom.jpg"
bathroom,"https://media-cdn.tripadvisor.com/media/photo-s/01/1b/6d/e3/hotel-bathroom.jpg"
bathroom,"https://s-ec.bstatic.com/images/hotel/max1024x768/241/24150026.jpg"
bathroom,"https://sc02.alicdn.com/kf/HTB1vjt_JVXXXXXLXVXXq6xXFXXXk/Eco-friendly-hotel-bathroom-amenity-sets-hotel.jpg"
bathroom,"http://e-partenaire.com/wp-content/uploads/2016/11/luxury-hotel-bathroom-design-ideas-hotshotthemes-elegant-hotel-bathroom-design.jpg"
bathroom,"http://4f1acf2bt3y21wna54fhfu7x-wpengine.netdna-ssl.com/wp-content/uploads/2015/03/fields/Ace-Hotel-LA-Bath-2.jpg"
bathroom,"https://media-cdn.tripadvisor.com/media/photo-s/0e/5d/b6/a6/bathroom.jpg"
bathroom,"http://hgtvhome.sndimg.com/content/dam/images/hgrm/fullset/2011/7/15/1/SP0034_RX-modern-neutral_s3x4.jpg.rend.hgtvcom.1280.1707.jpeg"
bathroom,"https://media-cdn.tripadvisor.com/media/photo-s/0d/2b/da/80/average-hotel-bathroom.jpg"
bathroom,"https://media-cdn.tripadvisor.com/media/photo-s/0d/75/db/61/photo1jpg.jpg"
bathroom,"https://media-cdn.tripadvisor.com/media/photo-s/0c/b7/10/9f/worse-hotel-bathroom.jpg"
bathroom,"https://a.dilcdn.com/bl/wp-content/uploads/sites/8/2013/04/hidden-gem.jpg"
bathroom,"https://media-cdn.tripadvisor.com/media/photo-s/01/c7/51/6e/oasis-hotel-bathroom.jpg"
bathroom,"https://media-cdn.tripadvisor.com/media/photo-s/0a/62/8b/9b/hotel-bathroom.jpg"
kids,"http://www.indonesiamatters.com/wp-content/uploads/kids-club.jpg"
kids,"http://images.huffingtonpost.com/2015-06-12-1434121900-5835019-2treehousesuite.jpg"
kids,"https://images.oyster.com/photos/kids-club--v4356223-1280.jpg"
kids,"http://az683819.vo.msecnd.net/img/inialaimages/villas/kidshotel/KidsHotel2_2_o.jpg"
kids,"http://cdn.mntm.me/f5/f4/a1/Chicago-Hotels-with-the-Best-KidFriendly-Amenities-f5f4a1fd8bda48fb9ee791885e4a5371.jpg"
kids,"https://www.dalattrip.com/blog/wp-content/uploads/2015/06/Fairy-space-of-the-hotel-room-for-children.jpg"
kids,"http://2euot02xao3fok42243781h4.wpengine.netdna-cdn.com/wp-content/uploads/2015/12/le-meridien-hotel-bali-kids-club.jpg"
kids,"http://mms.businesswire.com/media/20160122005533/es/501538/5/Le_Meridien_Family_Kids_Club_Ra.jpg"
kids,"https://mediastream.jumeirah.com/webimage/heroactual//globalassets/global/hotels-and-resorts/dubai/jumeirah-beach-hotel/facilities/sinbads-kids-club/jumeirah-beach-hotel-sinbads-kids-club-soft-play-area-hero.jpg"
kids,"https://s-media-cache-ak0.pinimg.com/originals/92/db/16/92db16632acb89a3598cfedd2d8c40f7.jpg"
kids,"https://media1.popsugar-assets.com/files/thumbor/uUCHV6Wufv8U7VNSD_HV6_gzCkA/fit-in/1024x1024/filters:format_auto-!!-:strip_icc-!!-/2013/03/12/3/192/1922664/8de833b680b6f6ce_hotelscover/i/Best-Hotels-Kids-Families.jpg"
kids,"https://sg.theasianparent.com/wp-content/blogs.dir/1/files/kid-friendly-hotels-in-bangkok/cover-1.jpg"
kids,"https://tandg-site.s3.amazonaws.com/stories/15/despicableme_suite__large.jpg"
kids,"http://images.huffingtonpost.com/2015-06-12-1434121784-9215919-4legolandhotel.jpg"
kids,"http://d11kdcggr4h8di.cloudfront.net/wp-content/uploads/sites/29/2016/02/28172149/content_13159_2.jpg"
kids,"http://www.hotelvanoranje.com/content/user/12/images/Kidspool_01(1).jpg"
kids,"http://novushotels.com/wp-content/uploads/2014/04/aIMG_11312.jpg"
kids,"http://www.diamondcoast.ie/upload/sequencer_images/kids-club4.jpg"
kids,"http://www.solaristest.tk/wp-content/uploads/2016/03/13003-Solaris-Hotel-Andrija-restaurant1.jpg"
kids,"http://cdn.mntm.me/9e/4d/6c/Kids-Will-Love-These-Affordable-Orlando-Hotels-9e4d6cd8ac7c456c9a737622471e19b8.jpg"
kids,"http://www.hotel-bcneventscastelldefels.com/wp-content/blogs.dir/515/files/slider-disfruta-kids/kids-slider.jpg"
kids,"http://www.solaristest.tk/wp-content/uploads/2015/04/13015-Solaris-Kids-Hotel-Andrija.jpg"
kids,"https://images.oyster.com/photos/kids-suite-universal-royal-pacific-resort-a-loews-hotel-v645683-720.jpg"
kids,"http://images.huffingtonpost.com/2015-06-12-1434121964-5515120-3disneylandhotel.jpg"
kids,"http://www.solarishotelsresort.com/wp-content/uploads/2015/01/New_rooms_in_kids_hotel_andrija_in_2015_family_vacation_croatia2.jpg"
kids,"https://mylittlenomads.com/wp-content/uploads/2012/09/san-francisco-hotel-del-sol-with-kids.jpg"
kids,"http://cdn.mntm.me/48/bb/1a/7-EyePopping-KidThemed-Hotel-Rooms-48bb1a2e5324467db02228faad7b0fa0.jpg"
kids,"http://cdn.mntm.me/b7/2f/ef/Best-Hotel-Amenities-for-Kids-b72feffaaf3841e188bcde63dfb7f2f0.jpg"
kids,"https://travelmamas.com/wp-content/uploads/2016/08/hotel_pools_kids_omni-rancho-las-palmas-resort-splashtopia-jpg.jpg"
kids,"https://lajollamom.com/wp-content/uploads/2014/07/hotel-del-coronado-family-vacation-1000x560.jpg"
kids,"http://images.huffingtonpost.com/2015-06-12-1434121683-3744325-1nickhotel.jpg"
kids,"http://www.familyvacationhub.com/wp-content/uploads/2013/12/circus-circus-hotel-exterior.jpg"
kids,"https://upload.wikimedia.org/wikipedia/commons/9/99/Cold_War_Kids_at_The_Hype_Hotel.jpg"
kids,"https://images.oyster.com/articles/9066-2014-09-amenities-v662746-1024.jpg"
kids,"https://www.trumphotelcollection.com/images/masthead/4.2-TrumpKids-Header.jpg"
kids,"http://www.mkresort.com/uploads/medias/2015/12/11/Angella%20Kids%20-%20Gallery%20(1).jpg.jpg"
kids,"https://luxerecess.com/wp-content/uploads/2017/02/Hotel-Cooking-Classes-for-Kids-Culinary-Family-Vacations-48-1073x715.jpg.pagespeed.ce.-YK0kLRJUN.jpg"
kids,"https://s-media-cache-ak0.pinimg.com/originals/e2/55/17/e255174f1f9549011228c27ee1f9e95a.jpg"
kids,"http://www.wheressharon.com/wp-content/uploads/2016/02/Village-Hotel-Bugis_Family-Kids-Room.jpg"
kids,"http://www.solarishotelsresort.com/wp-content/uploads/2016/03/solaris-kids-hotel-andrija.jpg"
kids,"http://www.kutaparadisohotel.com/wp-content/uploads/2015/01/DSC_9067.jpg"
kids,"http://vignette2.wikia.nocookie.net/jurassicpark/images/7/76/Kids-suite-universal-royal-pacific-resort-a-loews-hotel-v645677-720.jpg/revision/latest?cb\u003d20120308091935"
kids,"https://mylittlenomads.com/wp-content/uploads/2012/09/samui-best-family-hotel-boathouse.jpg"
kids,"https://static1.squarespace.com/static/52f785aae4b0e482df7bac2e/560ee727e4b087b8618023ea/560ee736e4b06b3c4919cfab/1443817363640/de+Tourrel+Suite+36m%C2%B2+avec+pierres+apparentes+HD.jpg"
kids,"http://www.maldronhotelcork.com/wp-content/uploads/2016/03/hotels-kids-club-maldron-hotel-cork.jpg"
kids,"https://indonesia.tripcanvas.co/wp-content/uploads/2015/12/feature-1.jpg"
kids,"http://www.aquapark-dalmatia.com/wp-content/uploads/2015/07/13016-Solaris-Kids-Hotel-An.jpg"
kids,"http://images.huffingtonpost.com/2013-10-28-ThePlaza_EloiseSuite.jpg"
kids,"https://vacacionesdreams.com/sites/default/files/styles/medium/public/dresc-hotel-ext-dad-kids-trampoline-1.jpg?itok\u003dehlIXG0-"
kids,"https://mylittlenomads.com/wp-content/uploads/2012/08/four-seasons-with-kids-paris.jpg"
kids,"http://vignette1.wikia.nocookie.net/jurassicpark/images/5/5b/Kids-suite-universal-royal-pacific-resort-a-loews-hotel-v645685-720.jpg/revision/latest?cb\u003d20120308093013"
kids,"https://images.oyster.com/photos/discovery-suite-for-kids--v10538400-720.jpg"
kids,"https://lajollamom.com/wp-content/uploads/2014/07/omni-la-costa-resort-family-vacation-pool-753x602.jpg"
kids,"http://playandgo.com.au/wp-content/uploads/2012/10/2012-10-07-Belair-Hotel-lunch-kids-menu-party-pack.jpg"
kids,"http://cdn1.buuteeq.com/upload/2055872/kids-suites_010.JPG.711x355_default.JPG"
kids,"http://www.solaristest.tk/wp-content/uploads/2015/04/Solaris-Kids-hotel_andrija_room_002.jpg"
kids,"http://cdn.mntm.me/ae/68/22/Five-Fantastic-Hotels-for-Kids-in-Rio-de-Janeiro-ae6822354c974e6a8c76c7d7a259fa19.jpg"
kids,"http://photos.uniline.hr/slikeobjekta/USIB-008/002/Solaris%20Kids%20hotel_andrija_room_008%20INTERIJER_XL.jpg"
kids,"https://www.beachcomber-hotels.com/Resources/img/content/miniclub/mu_r/kids-club-02.jpg"
kids,"http://az683819.vo.msecnd.net/img/inialaimages/villas/kidshotel/KidsHotel7_2_o.jpg"
kids,"http://cdn1.buuteeq.com/upload/2055872/kids-suites_011.JPG.711x355_default.JPG"
kids,"http://cdn.travalliancemedia.com/images/99999999-9999-9999-9999-999999999999/1f6c2a9e-760d-e611-8b9f-0050568e420d/source.JPG"
kids,"http://www.laspalmasresort.com/web/assets/alberca-panoramica/thumbnails/3/kids-club-las-palmas.jpg"
kids,"http://vignette3.wikia.nocookie.net/jurassicpark/images/7/76/Kids-suite-universal-royal-pacific-resort-a-loews-hotel-v645681-720.jpg/revision/latest?cb\u003d20120308092608"
kids,"http://www.indonesiamatters.com/wp-content/uploads/IMGP0488.jpg"
kids,"https://s-media-cache-ak0.pinimg.com/736x/45/4c/5b/454c5b9810cacbe3d2f69f0bf237a5de.jpg"
kids,"http://togetherweroam.com.au/wp-content/uploads/2015/09/SwissOtel-HotelRoomJustForKids.jpg"
kids,"http://images.familyvacationcritic.com/ea828479790b90b4a7c6812906b2b177.jpg"
kids,"http://vignette3.wikia.nocookie.net/jurassicpark/images/6/60/Kids-suite-universal-royal-pacific-resort-a-loews-hotel-v645674-720.jpg/revision/latest?cb\u003d20120308092940"
kids,"http://www.tobyandroo.com/wp-content/uploads/2015/05/cc0314fac3669d5adb52b7e80c8d8823.jpg"
kids,"http://www.familyfun.ie/site-assets/uploads/2015/05/glenroyal-kids-menu.jpg"
kids,"https://s-media-cache-ak0.pinimg.com/736x/41/8b/94/418b948f76fe567e7a54a5d3f2b0eead.jpg"
kids,"https://www.travelonline.com/bali/accommodation/with-kids-clubs/hard-rock-hotel-bali-water-park-25385.jpg"
kids,"http://slummysinglemummy.files.wordpress.com/2012/11/best-western-park-hall-hotel.jpg"
kids,"http://blog.room77.s3.amazonaws.com/blog/wp-content/uploads/2011/05/Tomo_playersuite_high.jpg"
kids,"https://www.beachcomber-hotels.com/Resources/img/main_slider/families/1024/MUDMCB1Dbc11.jpg"
kids,"http://www.solaristest.tk/wp-content/uploads/2016/03/13021-Solaris-Kids-Hotel-Andrija-_pool-bar-1024x6821.jpg"
kids,"https://images.oyster.com/photos/kids-club--v1402423-34-290.jpg"
kids,"http://vignette2.wikia.nocookie.net/jurassicpark/images/4/4d/Kids-suite-universal-royal-pacific-resort-a-loews-hotel-v645687-720.jpg/revision/latest?cb\u003d20120308092846"
kids,"http://b6f616c79b80298d36bd-48d7ce13fa06cf662d6932358dc7884d.r53.cf1.rackcdn.com/lps/assets/u/1600x900-Kids-Club3.jpg"
kids,"http://www.theconnacht.ie/files/hotel/hotel-connacht/04-leisure/kids-club.jpg"
kids,"https://images.oyster.com/photos/kids-club-trump-international-beach-resort-v146495-1280.jpg"
kids,"http://www.springhillanaheim.com/img/slides/kids-suite-overall.jpg"
kids,"http://www.paradisevillage.com.mx/all-inclusive/new/pv/images/temp/FREE-HOTEL-STAY-FOR-KIDS.jpg"
kids,"https://images.oyster.com/photos/kids-club--v2979782-290.jpg"
kids,"http://www.diamondcoast.ie/upload/sequencer_images/kids-club3.jpg"
kids,"https://s-media-cache-ak0.pinimg.com/originals/d6/30/0f/d6300fa69828bb2fa0d302a19da4095f.jpg"
kids,"http://www.escapehere.com/wp-content/uploads/2013/06/820x480xExcalibur-Hotel-Las-Vegas-820x480.jpg.pagespeed.ic.-u6yYGCm0K.jpg"
kids,"https://www.thestar.com/content/dam/thestar/news/gta/2016/03/13/syrian-children-at-toronto-hotel-get-aboriginal-themed-welcome/photos-ci-syrian-kids.jpg.size.custom.crop.1086x724.jpg"
kids,"http://www.redtedart.com/wp-content/uploads/2013/06/Simple-Bug-Hotel-1024x682.jpg"
kids,"http://static.kidspot.com.au/cm_assets/13770/hotels-with-kids-5-jpg-20150827170835.jpg~q75,dx720y-u0r1g0,c--.jpg"
kids,"http://d11kdcggr4h8di.cloudfront.net/wp-content/uploads/sites/29/2016/02/20114357/content_13153_1.jpg"
kids,"https://media-cdn.tripadvisor.com/media/photo-s/0d/af/27/9b/royal-solaris-hotel-kids.jpg"
kids,"http://www.chelseatoronto.com/en/uploads/images/2015/08/family-fun-zone-kids-pool-with-girl.jpg"
kids,"http://www.jameshotels.com/polopoly_fs/1.2241.1377617902!/fileImage/httpImage/image.jpg_gen/derivatives/landscape_1615/jny-kidsatthejames-liljames-kids-06182013-jpg.jpg"
kids,"https://mediastream.jumeirah.com/webimage/heroactual//globalassets/global/hotels-and-resorts/dubai/jumeirah-beach-hotel/facilities/sinbads-kids-club/jumeirah-beach-hotel-sinbads-kids-club-hero.jpg"
kids,"http://www.familyvacationhub.com/wp-content/uploads/2013/11/las-vegas-mirage-hotel-volcano.jpg"
kids,"http://www.redtedart.com/wp-content/uploads/2013/06/bug-hotel-for-kids-to-make.jpg"
kids,"https://s-media-cache-ak0.pinimg.com/originals/b4/df/bb/b4dfbbcc5b6b6e9ba2f2d65f3092e09a.jpg"
kids,"https://media-cdn.tripadvisor.com/media/photo-s/02/9d/00/de/kids-pool.jpg"
room,"https://upload.wikimedia.org/wikipedia/commons/5/56/Hotel-room-renaissance-columbus-ohio.jpg"
room,"https://upload.wikimedia.org/wikipedia/commons/0/07/Hotel-suite-living-room.jpg"
room,"http://www.jameshotels.com/polopoly_fs/1.2259.1399929414!/fileImage/httpImage/image.jpg_gen/derivatives/landscape_1615/jny-rooms-guestroom-06182013-jpg.jpg"
room,"http://www.maldronhotelsandyroadgalway.com/wp-content/uploads/2015/11/Double-Room.jpg"
room,"http://i1092.photobucket.com/albums/i401/manifesto_media/Dowadueng-Room_zps1d2660e1.jpg"
room,"https://media-cdn.tripadvisor.com/media/photo-s/0e/43/e7/c1/20170125-232051-largejpg.jpg"
room,"http://images.freeimages.com/images/premium/previews/6014/6014403-luxurious-hotel-room.jpg"
room,"https://silviagattin.files.wordpress.com/2012/04/04a-the-ring-hotel-special-room.jpg"
room,"https://media-cdn.tripadvisor.com/media/photo-s/09/55/8b/d4/hotel-room.jpg"
room,"https://media-cdn.tripadvisor.com/media/photo-s/0d/d0/c5/a3/20161203-173730-largejpg.jpg"
room,"https://media-cdn.tripadvisor.com/media/photo-s/0e/25/5b/2c/hotel-room-mate-alicia.jpg"
room,"https://s-media-cache-ak0.pinimg.com/736x/b6/aa/91/b6aa915a8af1139561f0b9ec24a2e5af.jpg"
room,"http://www.marinabaysands.com/content/dam/singapore/marinabaysands/master/main/home/hotel/deluxe1500x930.jpg"
room,"http://www.sheraton-waikiki.com/images/renew/img_rooms.jpg"
room,"https://s-media-cache-ak0.pinimg.com/originals/18/ec/fb/18ecfbc20f4849712f55036f1b6f4c3d.jpg"
room,"http://okdesigninterior.com/images/_fullsize/u/upscale-accessible-king-rollin-shower-with-accessible-king-rollin-shower-rooms-louis-city-center_roll-in-shower.jpg"
room,"https://s-media-cache-ak0.pinimg.com/originals/9a/31/e8/9a31e86a8ef4a3f6c0d554b2e76bf44c.jpg"
room,"http://www.royaloxfordhotel.co.uk/images/our-rooms/Twin-Room.jpg"
room,"https://s-media-cache-ak0.pinimg.com/736x/6d/9d/b1/6d9db1653db04a7b2e12fa7eb81f3169.jpg"
room,"https://media-cdn.tripadvisor.com/media/photo-s/0d/d0/c5/a1/20161203-173817-largejpg.jpg"
room,"https://room-matehotels.com/images/img/leo/rooms.jpg"
room,"http://www.usnews.com/dims4/USNEWS/3986490/2147483647/resize/652x%3E/quality/85/?url\u003d%2Fcmsmedia%2F51%2F81%2F7bcf8a914549b6658716e4d2ae1c%2F160829-luxuryhotel-stock.jpg"
room,"http://static4.esoterismos.com/wp-content/uploads/2011/01/malmaison-liverpool-hotel-room.jpg"
room,"http://www.chelseatoronto.com/en/uploads/images/2015/08/chelsea-room-queen-2.jpg"
room,"http://www.usnews.com/dims4/USNEWS/3b547f7/2147483647/resize/652x%3E/quality/85/?url\u003d%2Fcmsmedia%2Fe6%2F31%2Ff8db233046ef905348b35f3e335f%2F160829-evenhotels-submitted.jpg"
room,"https://s-media-cache-ak0.pinimg.com/736x/48/89/18/488918586481352ec9d4a279fe1eb16b.jpg"
room,"https://tctechcrunch2011.files.wordpress.com/2017/03/aloft.jpg?w\u003d738"
room,"https://i.ytimg.com/vi/RZuoL0B_z1I/maxresdefault.jpg"
room,"https://media-cdn.tripadvisor.com/media/photo-s/0e/07/23/40/photo0jpg.jpg"
room,"https://room-matehotels.com/images/img/general/slide_inicio/slide_01.jpg"
room,"http://www.westcordhotels.com/wp-content/uploads/2015/10/xeenpersoonskamer-mindervaliden-westcord-hotel-delft-1024x480.jpg.pagespeed.ic.Ebz_AjxqYs.jpg"
room,"https://s-media-cache-ak0.pinimg.com/736x/be/47/c1/be47c146d2a25631aac572528454a1d7.jpg"
room,"https://imagenes.museothyssen.org/sites/default/files/styles/width_600/public/imagen/obras/1977.110_habitacion-hotel.jpg?itok\u003dq25a7ts4"
room,"http://cdn1.buuteeq.com/upload/22955/lloyd-hotel-4-star-room-chelsea-room.jpg.1360x678_default.jpg"
room,"https://s-media-cache-ak0.pinimg.com/736x/be/92/42/be924217a63fdd893002d5d7d57f1601.jpg"
room,"http://cdn1.buuteeq.com/upload/2034446/lifedesign-hotel-belgrade-life-design-conference-room-8-3.jpg.1920x807_default.jpg"
room,"https://s-media-cache-ak0.pinimg.com/736x/8a/69/cc/8a69ccac503897f1317fc19d349a50f5.jpg"
room,"https://media-cdn.tripadvisor.com/media/photo-s/0d/d0/c5/a0/20161203-173914-largejpg.jpg"
room,"http://cdnh.octanio.com/hotel-Room--FG800_50289_1.jpg"
room,"https://pbs.twimg.com/media/CLdQ8IMUMAAsATj.jpg"
room,"http://cdnh.octanio.com/hotel-Room--FG800_50289_3.jpg"
room,"http://cdn1.buuteeq.com/upload/2034446/lifedesign-hotel-belgrade-junior-room-2.jpg.1920x807_default.jpg"
room,"https://i.ytimg.com/vi/09pDca1mITM/maxresdefault.jpg"
room,"https://s-media-cache-ak0.pinimg.com/736x/85/29/67/852967369e13d7945986c795f9b83387.jpg"
room,"http://cdnh.octanio.com/hotel-Room--FG800_50289_2.jpg"
room,"http://cdnh.octanio.com/hotel-Room--FG800_50289_8.jpg"
room,"https://media-cdn.tripadvisor.com/media/photo-s/0d/d0/c5/9f/20161203-173935-largejpg.jpg"
room,"https://www.thestar.com/content/dam/thestar/life/travel/2017/04/13/a-night-in-fort-garry-hotels-haunted-room-202-in-winnipeg/main-hotel-room-202jpg.jpg.size.custom.crop.867x650.jpg"
room,"https://s-media-cache-ak0.pinimg.com/originals/65/a5/e5/65a5e55ae09cda803e37b50cb53886cd.jpg"
room,"http://www.swissotel.com/infographics/easy-exercises-for-travellers/img/Swissotel_Easy_Exercises.jpg"
room,"http://marltonhotel.com/uploads/application/images/4nnnee1261rx4cz25u8x6i3haisgcb3hcq5r3mn0ei9wh31vkm.jpg"
room,"http://cdn1.buuteeq.com/upload/22955/602-5-star.jpg.1360x678_default.jpg"
room,"https://s-media-cache-ak0.pinimg.com/736x/95/35/53/953553e725988ebe5550403fa859fd9f.jpg"
room,"http://cdn1.buuteeq.com/upload/22955/lloyd_3-star_brighter-compressed.jpg.1360x678_default.jpg"
room,"http://www.chicagobusiness.com/apps/pbcsi.dll/storyimage/CG/20170425/CRED03/170429927/AR/0/AR-170429927.jpg\u0026maxw\u003d400\u0026q\u003d100\u0026cb\u003d20170425103851\u0026cci_ts\u003d20170425103822"
room,"https://media-cdn.tripadvisor.com/media/photo-s/05/ea/b2/54/hotel-room-mate-alicia.jpg"
room,"https://media.timeout.com/images/100488671/image.jpg"
room,"https://www.thestar.com/content/dam/thestar/life/travel/2017/04/13/a-night-in-fort-garry-hotels-haunted-room-202-in-winnipeg/hotel-room-on-instagram-filterjpg.jpg.size.custom.crop.650x650.jpg"
room,"http://marltonhotel.com/uploads/application/images/m52wwnt7zpzbjayk57gc9d3jtjou6fnvaab6ba5i744qm477zh.jpg"
room,"http://www.maximoupgrade.com/thumbnail/m/mgm-grand-hotel-rooms-city-view-suite-living-room-2xjpg-25.jpeg"
room,"https://s-media-cache-ak0.pinimg.com/736x/5a/66/63/5a66632d2d8fa4189d69d8c7148aca43.jpg"
room,"https://s-media-cache-ak0.pinimg.com/736x/f5/c3/6f/f5c36fcdf9b6ae78dbf2f5b36dd8c3c7.jpg"
room,"http://www.marinabaysands.com/content/dam/singapore/marinabaysands/master/main/home/hotel/book-early2.jpg"
room,"https://i.ytimg.com/vi/WNGv_u2-f7Y/maxresdefault.jpg"
room,"https://media-cdn.tripadvisor.com/media/photo-s/04/9b/8a/b1/hotel-room-mate-alicia.jpg"
room,"http://thesmartlocal.com/images/easyblog_images/82/196x131xb2ap3_thumbnail_the-merlion-hotel.jpg.pagespeed.ic.T9wQ7B0Nix.jpg"
room,"http://0.tqn.com/d/dc/1/0/5/C/2/hotel-room.jpg"
room,"https://media-cdn.tripadvisor.com/media/photo-o/05/4c/e2/c8/hotel-baposento-room.jpg"
room,"https://static01.nyt.com/images/2016/11/06/travel/06GETAWAY4/06GETAWAY4-master768.jpg"
room,"http://cdnh.octanio.com/hotel-Room-Mate-Vega-FG800_57514_10.jpg"
room,"https://s-media-cache-ak0.pinimg.com/736x/11/76/a8/1176a82da3b6da166eba12823efcc84a.jpg"
room,"http://www.chelseatoronto.com/en/uploads/images/2015/07/chelsea-room-double-beds.jpg"
room,"https://i.ytimg.com/vi/ISyedN3wPhk/maxresdefault.jpg"
room,"http://www.marinabaysands.com/content/dam/singapore/marinabaysands/master/main/home/hotel/rooms-suites/hotel-rooms-banner-920x340.jpg"
room,"https://s-media-cache-ak0.pinimg.com/736x/69/6a/73/696a730982491c3a0590c112e4fc8107.jpg"
room,"http://townhallhotel.com/galleries/new_portraits/Bathroom%202.jpg"
room,"https://s-media-cache-ak0.pinimg.com/736x/c0/16/29/c01629b780bb0fcdd320f3bc507d36ad.jpg"
room,"http://cdn1.buuteeq.com/upload/2002911/hazelton2046894-2.jpg.1920x807_default.jpg"
room,"https://www.sohohousechicago.com/system/files/082014/53e7fc3df9426138800002c6/xlarge/063676_001.jpg?1424778293"
room,"https://www.thestar.com/content/dam/thestar/life/travel/2017/04/13/a-night-in-fort-garry-hotels-haunted-room-202-in-winnipeg/hotel-room-202.jpg.size.custom.crop.867x650.jpg"
room,"https://s-media-cache-ak0.pinimg.com/736x/06/00/fc/0600fca7feafbf3331975dd22338a7e0.jpg"
room,"http://cdnh.octanio.com/hotel-Room-Mate-Vega-FG800_57514_13.jpg"
room,"http://cdn1.buuteeq.com/upload/2028422/superior-room-low-floor-4-star-hotels-in-brisbane-hotel-grand-chancellor-brisbane-1.jpg.1920x810_0_105_10000.jpeg"
room,"http://cdnh.octanio.com/hotel-Room-Mate-Vega-FG800_57514_12.jpg"
room,"https://www.bedbugs.umn.edu/sites/bedbugs.umn.edu/files/styles/panopoly_image_original/public/hotelroom.jpg?itok\u003dFyLX3ZHY"
room,"http://www.hotellepelican.com/assets/images/themes/index/hotel-room.jpg"
room,"https://room-matehotels.com/images/img/valeria/rooms.jpg"
room,"https://room-matehotels.com/images/img/mario/rooms.jpg"
room,"http://marltonhotel.com/uploads/application/images/tqsr9ybfwl7yiw1neh9d1piwtc8uipkh9u6h5ji0usay28mgzb.jpg"
room,"https://www.travelport.com/sites/default/files/styles/article_image_primary_large/public/press_release/main_media/pr-header-hotelplanner.jpg?itok\u003dPTvyUYWe"
room,"http://cdn-image.travelandleisure.com/sites/default/files/styles/tnl_redesign_article_landing_page/public/1468423625/Null-Stern-Hotel-bed-MTSIDE0716.jpg?itok\u003dy976E7l0"
room,"https://media.timeout.com/images/100488043/image.jpg"
room,"http://travel.home.sndimg.com/content/dam/images/travel/fullset/2015/04/03/the-mirror-hotel-room-barcelona-spain.jpg.rend.hgtvcom.616.462.jpeg"
room,"https://s-media-cache-ak0.pinimg.com/736x/63/e2/da/63e2da7b24572dbb9512c61908255164.jpg"
room,"https://static1.squarespace.com/static/52e665a0e4b0b788a312e25b/52f90be8e4b059057025574a/53c9415ae4b0669c8d192c26/1405698400733/hotel-chelton-rooms-standard-twin-bedroom-02.jpg"
room,"http://www.lordbaltimorehotel.com/d/lordbaltimore-hotel/media/__thumbs_1440_748_crop/LordB_0737-Low.jpg?1396286881"
room,"https://s-ec.bstatic.com/images/hotel/max1024x768/441/44176171.jpg"
room,"http://www.swissotel.com/infographics/easy-exercises-for-travellers/img/Swissotel_Easy_Exercises1.jpg"
room,"http://www.jchoteles.com/wp-content/blogs.dir/682/files/slider-home/xslide_room.jpg.pagespeed.ic.rLLrFJETkC.jpg"
room,"http://cdn1.buuteeq.com/upload/19053/sushiman_room-02.jpg.1920x807_0_316_10000.jpg"
restaurant,"https://media-cdn.tripadvisor.com/media/photo-s/02/b4/7f/0d/hotel-restaurante-manolo.jpg"
restaurant,"http://www.hotelescenter.es/wp-content/blogs.dir/782/files/casa-fuster-salones/dynamic/xhotel-casa-fuster-restaurante204.jpg-nggid041007-ngg0dyn-0x0x100-00f0w010c010r110f110r010t010.jpg.pagespeed.ic.tFJm51Gfd5.jpg"
restaurant,"http://www.spier.co.za/assets/sliderimages/Visit_detail_hotel_restaurant_1306x548.jpg"
restaurant,"http://www.hotelastirpatras.gr/images/restaurant.jpg"
restaurant,"http://www.987praguehotel.com/files/hotel/design-hotel/restaurant-987-prague-hotel-02.jpg"
restaurant,"https://static1.squarespace.com/static/544f9192e4b0589c102cb8d4/t/5450cb6fe4b0bd6cd7e8279d/1414581130461/hotel-le-berger-restaurant-bar-44.jpg"
restaurant,"http://www.hotelcort.com/images/hotel-cort-restaurant-01.jpg"
restaurant,"http://www.vinccihoteles.com/sites/default/files/styles/flexslider_full/public/foto-34-restaurante-desayuno.jpg?itok\u003dBiLWei23"
restaurant,"http://www.hotel-arthotelandorra.com/wp-content/blogs.dir/690/files/gallery-restaurante/dynamic/xHOTEL_ARTHOTEL_RESTAURANTE_02.jpg-nggid03148-ngg0dyn-0x0x100-00f0w010c010r110f110r010t010.jpg.pagespeed.ic.AgC7FTQ8ve.jpg"
restaurant,"http://www.hotelduran.com/wp-content/uploads/2013/06/2013_06_hotel-duran_restaurant_DSC_61631.jpg"
restaurant,"http://www.lanesborough.com/media/30288/1920_1080_restaurant_celeste1.jpg?anchor\u003dcenter\u0026mode\u003dcrop\u0026quality\u003d100\u0026width\u003d1120\u0026heightratio\u003d0.4166666666666666666666666667\u0026slimmage\u003dtrue\u0026rnd\u003d130816233090000000"
restaurant,"http://www.hoteleventi.com/images/alternate/lamico-seating-a97cbad4.jpg"
restaurant,"http://www.brenners.com/media/104589/bph_1920x1080_dining-bars_park-restaurant.jpg?anchor\u003dcenter\u0026mode\u003dcrop\u0026quality\u003d100\u0026width\u003d1120\u0026heightratio\u003d0.4166666666666666666666666667\u0026slimmage\u003dtrue\u0026rnd\u003d130701307560000000"
restaurant,"https://www.greyeagleresortandcasino.ca/wp-content/uploads/2014/11/GreyEagleResort_Interior_FINAL-026.jpg"
restaurant,"http://www.hotelosuna.es/files/ximg-top-restaurant.jpg.pagespeed.ic.BkJgq5Ihgy.jpg"
restaurant,"http://cdn1.buuteeq.com/upload/2032674/plassohla-web-5-hd.jpg.1920x810_default.jpeg"
restaurant,"http://www.hotelcottonhouse.com/_img?img\u003d/img/restaurante-bar/cotton-house-restaurant-bar3.jpg\u0026transform\u003dresize,1920"
restaurant,"https://www.hotelelfar.com/media/home/slideshow/slide03.jpg"
restaurant,"http://www.bonretorn.com/files/xslider3.jpg.pagespeed.ic.PGvnZYNuUp.jpg"
restaurant,"http://www.derbyhotels.net/files/img/small/20170117095711_876507.jpg"
restaurant,"https://www.hotelmajestic.es/sites/default/files/restaurante-del-hotel-majestic-barcelona-5-estrellas.jpg"
restaurant,"https://s-media-cache-ak0.pinimg.com/736x/4a/6f/5b/4a6f5b5f2b6574a5771861a9806a7c6d.jpg"
restaurant,"http://www.bonretorn.com/files/xLocation-Header.jpg.pagespeed.ic.Fht3rjFsP4.jpg"
restaurant,"http://cdn1.buuteeq.com/upload/20082/centros-de-mesa-restaurant.jpg.950x537_0_59_4947.jpg"
restaurant,"https://images.selectionofhotels.com/E064/images_public/E064/octubre_2012/1500/IMG_4544.jpg"
restaurant,"http://hotelbarcelonaportafira.com/files/xrestaurante-img.jpg.pagespeed.ic.6sKhnbjkM3.jpg"
restaurant,"https://www.hotelvistabella.com/docs/hotel-vistabella-SLL-1_1_14_354.jpg"
restaurant,"https://www.hotelmajestic.es/sites/default/files/restaurante-condal-majestic-hotel-barcelona.jpg"
restaurant,"http://www.hotelabaceria.es/files/xhotel-abaceria-slider-07.jpg.pagespeed.ic.EaDbLsgShC.jpg"
restaurant,"http://www.hotel-arthotelandorra.com/wp-content/blogs.dir/690/files/gallery-restaurante/dynamic/Terrassa-plat%C3%B3-1.jpg-nggid0297-ngg0dyn-0x0x100-00f0w010c010r110f110r010t010.jpg"
restaurant,"http://www.tahitiplaya.com/files/Restaurant/bufet.jpg"
restaurant,"http://www.montecasa.com/uploads/photos/2015/07/Hotel_Restaurant_8006.jpg"
restaurant,"http://www.hotelciudaddemostoles.es/wp-content/blogs.dir/855/files/restaurant-slider/xrestaurant-slider01.jpg.pagespeed.ic.HjrUge4nZL.jpg"
restaurant,"https://s-media-cache-ak0.pinimg.com/236x/2d/c8/4e/2dc84e58f4b3a47e93bfd056f4612948.jpg"
restaurant,"https://res.cloudinary.com/simpleview/image/fetch/c_fill,f_jpg,h_565,q_65,w_1024/https://media.newmindmedia.com/TellUs/image/%3Ffile%3D682420F7459DF6BA2D4ABBC5383C4C41632C138C.jpg%26dh%3D541%26dw%3D800"
restaurant,"http://www.elmesondespe%C3%B1aperros.es/wp-content/gallery/general/Terraza-Mes%C3%B3n-Despe%C3%B1aperros.jpg"
restaurant,"http://www.hotelciudaddemostoles.es/wp-content/blogs.dir/855/files/restaurant-slider/xrestaurant-slider02.jpg.pagespeed.ic.Z-T2l-CAMr.jpg"
restaurant,"http://www.restaurantpepo.com/sites/default/files/imagecache/background/pagina/162/imatges/hotel-benifallet-ebro-tortosa-02.jpg"
restaurant,"http://www.agaliahotel.es/files/xTOP-RESTAURANT.jpg.pagespeed.ic.jcTPycw8X2.jpg"
restaurant,"https://res.cloudinary.com/simpleview/image/fetch/c_limit,f_jpg,q_64,w_800/https://media.newmindmedia.com/TellUs/image/%3Ffile%3D8E4771B1342B021E3D09C6394D4A6D71C2A462BB.jpg%26dh%3D503%26dw%3D800\u0026.jpg"
restaurant,"http://www.hotelabaceria.es/files/xhotel-abaceria-slider-12.jpg.pagespeed.ic.t4lA-1oMOy.jpg"
restaurant,"http://www.hotelazofra.com/wp-content/blogs.dir/275/files/slider-restaurante/xhotel-azofra-slider-restaurante02.jpg.pagespeed.ic.MBB5_4im-v.jpg"
restaurant,"http://saliniresort.com/wp-content/uploads/2015/11/salini-resort-restaurant.jpg"
restaurant,"http://www.albahia.com/wp-content/blogs.dir/1066/files/restaurant/cabecera.JPG.pagespeed.ce.rGUYcT8V_s.jpg"
restaurant,"http://lh5.ggpht.com/_8jH5-7b3yO0/TNcAh3B2q5I/AAAAAAAAAVo/1P1-R0LVl70/Hotel%20Restaurant%20Diego.jpg"
restaurant,"http://doubletree3.hilton.com/resources/media/dt/LXMHIDI/en_US/img/shared/full_page_image_gallery/main/HL_restaurantarea1_3_677x380_FitToBoxSmallDimension_Center.jpg"
restaurant,"https://www.hotelpalacebarcelona.com/files/img/img_xl/hotel-palace-09-cena-terraza-9773-716.jpg"
restaurant,"https://www.hotelpalacebarcelona.com/files/img/img_s/19-nineteen-plato-el-palace-barcelona-01-238.jpg"
restaurant,"https://u.tfstatic.com/restaurant_photos/711/201711/169/612/valldemossa-hotel-restaurant-terraza-e6902.jpg"
restaurant,"https://static.independent.co.uk/s3fs-public/styles/article_small/public/thumbnails/image/2017/03/29/13/the-jetty-restaurant-1.jpg"
restaurant,"http://cdn1.buuteeq.com/upload/754/2_restaurant-parque-antumalal_hotel-antumalal-pucon-chile.jpg.1340x450_0_314_9544.jpg"
restaurant,"http://www.bonretorn.com/files/xSlider-Home04.jpg.pagespeed.ic.hIxgOdbSJS.jpg"
restaurant,"http://www.cqwellington.com/~images/plugins/gallery/241/3.jpg.jpg"
restaurant,"http://www.turismolaroda.com/repositorio/8521/hotel-restaurante-juanito/86/8/hotel-restaurante-juanito.jpg"
restaurant,"http://cdn1.buuteeq.com/upload/2021536/hotel-santa-cristina-restaurante-el-boj-canfranc-1.jpg.640x360_default.jpg"
restaurant,"https://res-1.cloudinary.com/simpleview/image/fetch/c_fill,f_jpg,h_565,q_65,w_1024/http://images.citybreak.com/image.aspx%3FImageId%3D2337550"
restaurant,"http://www.hotelaraxa.com/wp-content/blogs.dir/1082/files/headers/xheader-restaurant.jpg.pagespeed.ic.3mG_XQSELE.jpg"
restaurant,"http://www.hotelazofra.com/wp-content/blogs.dir/275/files/slider-restaurante/xhotel-azofra-slider-habitaciones03.jpg.pagespeed.ic.a8Z9BY_Zuv.jpg"
restaurant,"https://upload.wikimedia.org/wikipedia/commons/7/7c/City_Hotel%2C_New_Orleans_restaurant_menu_%28December_8%2C_1857%29.jpg"
restaurant,"http://www.hotelmaristany.com/FitxersWeb/24340/restaurant.JPG"
restaurant,"https://res.cloudinary.com/simpleview/image/fetch/c_limit,f_jpg,q_64,w_800/https://media.newmindmedia.com/TellUs/image/%3Ffile%3DDAF07217B917D9E0DA0550A2AC6F388656570641.jpg%26dh%3D532%26dw%3D800\u0026.jpg"
restaurant,"http://www.canborrell.com/wp-content/uploads/2015/04/hotel-restaurante-can-borrell-meranges-restaurant-cerdanya-quc3a9-se-cuece-en-bcn-barcelona-cerdac3b1a-9.jpg"
restaurant,"http://www.ducdevendome.com/skin/nueva_web/img_top.jpg"
restaurant,"http://www.hotel-upperdiagonal.com/wp-content/blogs.dir/1130/files/01-home/xbar-home-0.jpg.pagespeed.ic.EvsDm_qIAg.jpg"
restaurant,"http://doubletree3.hilton.com/resources/media/dt/CTAC-DT/en_US/img/shared/full_page_image_gallery/main/DT_seasportsupper01_25_677x380_FitToBoxSmallDimension_Center.jpg"
restaurant,"http://cdn1.buuteeq.com/upload/2080984/panoramazimmer-2.jpg.1920x810_0_182_9375.jpeg"
restaurant,"https://upload.wikimedia.org/wikipedia/en/thumb/a/a9/Hotel_Employees_and_Restaurant_Employees_Union_logo.jpg/200px-Hotel_Employees_and_Restaurant_Employees_Union_logo.jpg"
restaurant,"https://media-cdn.tripadvisor.com/media/photo-s/08/ee/ec/ef/casa-zanito-hotel-restaurante.jpg"
restaurant,"https://media-cdn.tripadvisor.com/media/photo-o/02/7e/e0/13/hotel.jpg"
restaurant,"https://u.tfstatic.com/restaurant_photos/711/201711/169/612/valldemossa-hotel-restaurant-entrada-8367b.jpg"
restaurant,"http://www.hoteleventi.com/images/alternate/20150424-lupuloLede-1.0-fa56e7ef.jpg"
restaurant,"http://www.hotelcasarosalia.com/wp-content/themes/foodlovers/images/restaurante/01.jpg"
restaurant,"https://static1.squarespace.com/static/54b52edde4b033201af69310/564f2cb7e4b07b939909856d/564f2cb8e4b0172ec385457f/1448029376815/toronto-new-restaurants-parcae-templar-hotel-king-west-dining-2.jpg"
restaurant,"http://www.hotelbulevarburgos.com/wp-content/blogs.dir/837/files/galeria-de-imagenes/dynamic/xcafeteria.jpg-nggid0262-ngg0dyn-0x0x100-00f0w010c010r110f110r010t010.jpg.pagespeed.ic.weRn6QVglN.jpg"
restaurant,"https://www.hoteleselba.com/sites/default/files/gastronomia_1_1.jpg"
restaurant,"http://www.valentinhotels.com/files/xson-bou-gastronomy-restaurant.jpg.pagespeed.ic.8-CPUbEOs4.jpg"
restaurant,"http://www.hotelbaia.com/images/restaurant/Hotel_baia_cascai_restaurant_5.jpg"
restaurant,"https://u.tfstatic.com/restaurant_photos/711/201711/169/612/valldemossa-hotel-restaurant-vista-exterior-d258a.jpg"
restaurant,"http://www.hotelpicasso.net/wp-content/uploads/Hotel-Restaurant-Picasso-18-04-09-52-of-56-Medium-800x333.jpg"
restaurant,"https://www.esmadrid.com/sites/default/files/styles/content_type_full/public/recursosturisticos/restaurantes/Santo_Mauro1_alta.jpg?itok\u003dnApHui_1"
restaurant,"http://www.hotelnuevomadrid.com/wp-content/blogs.dir/1202/files/services/xrestaurante_bar.jpg.pagespeed.ic.WwAduDCg8Z.jpg"
restaurant,"http://1a7121e2520bb468a403-115a4009b8bde264323fb8a4f3e542f5.r73.cf1.rackcdn.com/XLGallery/HDHotelMariaCristinaSanSebastianEasoRestaurant.1.jpg"
restaurant,"https://www.esmadrid.com/sites/default/files/styles/content_type_full/public/recursosturisticos/restaurantes/Santo_Mauro2_alta.jpg?itok\u003dLpd1wy3q"
restaurant,"http://www.leshotelsdeparis.com/_cache/resize/662-442.crop/hotels/25/hotel-paris-design-hotel-kube-saint-tropez-restaurant.jpg"
restaurant,"https://www.omnihotels.com/-/media/images/hotels/chidtn/restaurants/chidtn-omni-chicago-hotel-676-bar.jpg"
restaurant,"https://static1.squarespace.com/static/56d84af24c2f850e70b66923/5730a1f3d51cd470837fb026/577fc8bf9de4bb3db0c7f9eb/1467992272973/jam-hotel-brussels-hotel-bars-restaurant-01.jpg"
restaurant,"http://www.hotelvalencialasarenas.com/files/xhotel-las-arenas-snack.jpg.pagespeed.ic.qXgc_m8OHx.jpg"
restaurant,"http://photo500x500.mnstatic.com/b0ab5deae1fa58547360aa5f8fe9c8a1/baiyoke-sky-hotel-restaurant.jpg"
restaurant,"http://www.hotelciudaddeburgos.com/wp-content/blogs.dir/1113/files/slide-headers/xslide-restaurant.jpg.pagespeed.ic.JMnIM-rWuz.jpg"
restaurant,"http://www.hotelescenter.es/wp-content/blogs.dir/782/files/badajoz-center-gastronomia/HOTEL-BADAJOZ-CENTER_-RESTAURANTE-4.jpg"
restaurant,"https://res-3.cloudinary.com/simpleview/image/fetch/c_limit,f_jpg,q_64,w_800/https://media.newmindmedia.com/TellUs/image/%3Ffile%3D6A2F8C015FFC86CF69C9EC0F9500814E90490516.jpg%26dh%3D532%26dw%3D800%26cropX%3D0%26cropY%3D0%26cropH%3D2843%26cropW%3D4272\u0026.jpg"
restaurant,"https://medias.logishotels.com/property-images/156141/facade/panor/grand/hotel-restaurant-lunia-facade-oldeberkoop-699051.jpg"
restaurant,"https://media-cdn.tripadvisor.com/media/photo-o/0d/9e/4c/d7/hotel-restaurant-t-putje.jpg"
restaurant,"https://cietlospedroches.es/wp-content/uploads/2016/10/cafeteria-hotel-los-usias-2.jpg"
restaurant,"http://www.vinccihoteles.com/sites/default/files/styles/flexslider_full/public/vincci-hotels-restaurants.jpg?itok\u003dmUBT0d0d"
restaurant,"http://i2.cdn.cnn.com/cnnnext/dam/assets/141107165453-5-hotel-restaurants-the-bazaar-horizontal-large-gallery.jpg"
restaurant,"http://www.hotelalamedapalace.com/wp-content/blogs.dir/683/files/photogallery/xsalon_pompeya05.jpg.pagespeed.ic.ZZyBh3dRMD.jpg"
restaurant,"http://media.bodaclick.com/img/img_moll/premium/galeria_marcada/28mil/71dec/hotel-restaurante-marques-moral-61776.jpg"
restaurant,"http://www.hotelbulevarburgos.com/wp-content/blogs.dir/837/files/slider-home/xsala_de_desayunos16-3m.jpg.pagespeed.ic.1qgej6UNs4.jpg"
restaurant,"http://www.hotelbarcelonaprincess.com/uploads/galeriahoteles/hotel-sercotel-barcelona-princess-desayuno-restaurante.jpg"
entrance,"https://upload.wikimedia.org/wikipedia/commons/3/34/Times_Square_Hotel_entrance.jpg"
entrance,"https://upload.wikimedia.org/wikipedia/commons/5/5b/20070513_Allerton_Hotel_Entrance.JPG"
entrance,"https://upload.wikimedia.org/wikipedia/commons/5/5d/Melbourne_Windsor_Hotel_Entrance.jpg"
entrance,"https://upload.wikimedia.org/wikipedia/commons/9/94/Bowery_Hotel_entrance.jpg"
entrance,"https://upload.wikimedia.org/wikipedia/en/6/6d/The_Brown_Hotel_entrance.jpg"
entrance,"http://thumbs.dreamstime.com/z/hotel-entrance-504254.jpg"
entrance,"http://www.excelsior.com.mt/wp-content/gallery/hotel-gallery/hotel-entrance.jpg"
entrance,"http://www.crainsnewyork.com/apps/pbcsi.dll/storyimage/CN/20150804/HOSPITALITY_TOURISM/150809954/AR/0/Plaza-Hotel-flags.jpg"
entrance,"https://s-media-cache-ak0.pinimg.com/originals/f9/b7/bc/f9b7bc591fd8468273238bac797a8cfd.jpg"
entrance,"https://upload.wikimedia.org/wikipedia/commons/7/79/Vaquer%C3%ADas_Hotel_building_main_entrance.jpg"
entrance,"https://s-media-cache-ak0.pinimg.com/originals/71/af/1f/71af1f63e9a4cc2b8614a272d4618724.jpg"
entrance,"https://media-cdn.tripadvisor.com/media/photo-s/01/56/10/59/the-hotel-entrance.jpg"
entrance,"https://upload.wikimedia.org/wikipedia/commons/3/31/Hotel_Nikko_Kansai_Airport_Front_Entrance.JPG"
entrance,"https://media-cdn.tripadvisor.com/media/photo-s/01/32/54/67/hotel-entrance.jpg"
entrance,"https://s-media-cache-ak0.pinimg.com/originals/ba/58/71/ba58718d62dcdbfa6a51863371179448.jpg"
entrance,"https://s-media-cache-ak0.pinimg.com/originals/59/b7/ac/59b7ac68af9da312eb0e75a0b21f8bf5.jpg"
entrance,"https://media-cdn.tripadvisor.com/media/photo-s/0e/28/2a/28/hotel-sign-on-wall.jpg"
entrance,"https://upload.wikimedia.org/wikipedia/commons/2/2a/Imperial_Hotel_entrance.jpg"
entrance,"https://media-cdn.tripadvisor.com/media/photo-s/08/35/70/dc/hotel-entrance.jpg"
entrance,"https://bangalore.hyatthotels.hyatt.com/content/dam/PropertyWebsites/hyatt/blrhy/Media/All/737x415xHyatt-Bangalore-Hotel-Entrance-1280x720.jpg.pagespeed.ic.GnCo57PzHQ.jpg"
entrance,"http://www.thehealthyholidaycompany.co.uk/userfiles/trips/145/gallery/1000/Hotel%20entrance.jpg"
entrance,"https://upload.wikimedia.org/wikipedia/commons/2/29/Hotel_Wolcott_entrance.jpg"
entrance,"https://media-cdn.tripadvisor.com/media/photo-s/0d/02/5a/b3/hotel-entrance.jpg"
entrance,"https://media-cdn.tripadvisor.com/media/photo-s/0e/4b/21/d2/photo3jpg.jpg"
entrance,"https://s-media-cache-ak0.pinimg.com/236x/b6/f1/3e/b6f13ebbc73d8820fa902f4d2955ed59.jpg"
entrance,"http://hiltongardeninn3.hilton.com/resources/media/gi/PHLEXGI/en_US/img/shared/full_page_image_gallery/main/GI_entrancetohotel01_4_698x390_FitToBoxSmallDimension_Center.jpg"
entrance,"https://media-cdn.tripadvisor.com/media/photo-s/0d/c1/9d/b7/hotel-entrance.jpg"
entrance,"https://media-cdn.tripadvisor.com/media/photo-s/0a/f3/49/3b/hotel-entrance.jpg"
entrance,"https://media-cdn.tripadvisor.com/media/photo-s/0e/4b/4e/f7/hotel-entrance.jpg"
entrance,"https://media-cdn.tripadvisor.com/media/photo-s/00/14/20/b0/hotel-entrance.jpg"
entrance,"https://upload.wikimedia.org/wikipedia/commons/e/ed/ST.REGIS_HOTEL_OSAKA_ENTRANCE.JPG"
entrance,"https://upload.wikimedia.org/wikipedia/commons/2/2c/Topaz_Hotel_entrance.jpg"
entrance,"https://media-cdn.tripadvisor.com/media/photo-s/0e/4b/4e/f8/hotel-entrance.jpg"
entrance,"https://media-cdn.tripadvisor.com/media/photo-s/0d/96/60/16/hotel-entrance.jpg"
entrance,"https://media-cdn.tripadvisor.com/media/photo-s/01/f9/42/5e/hotel-entrance.jpg"
entrance,"https://media-cdn.tripadvisor.com/media/photo-s/0e/02/f5/b5/casa-blanca-hotel-entrance.jpg"
entrance,"https://media-cdn.tripadvisor.com/media/photo-s/0e/4d/47/90/hotel-entrance.jpg"
entrance,"http://cdn1.buuteeq.com/upload/2046280/hotel-entrance.jpg.1920x807_0_456_10000.jpg"
entrance,"http://publiditec.com/blog/wp-content/uploads/2014/04/03.-Hotel-Entrance.jpg"
entrance,"https://upload.wikimedia.org/wikipedia/commons/c/ce/Palace_Hotel_SF_main_entrance.JPG"
entrance,"http://connectplusathiltonworldwide.com/images/prop/hotel_entrance_a.jpg"
entrance,"https://media-cdn.tripadvisor.com/media/photo-s/0a/61/a6/18/the-hotel-entrance.jpg"
entrance,"https://media-cdn.tripadvisor.com/media/photo-s/0b/17/4e/73/hotel-entrance.jpg"
entrance,"https://media-cdn.tripadvisor.com/media/photo-s/03/8d/61/55/hotel-carlton-a-joie.jpg"
entrance,"https://media-cdn.tripadvisor.com/media/photo-s/0e/4d/47/a7/hotel-entrance.jpg"
entrance,"https://media-cdn.tripadvisor.com/media/photo-s/0c/5c/60/67/hotel-entrance.jpg"
entrance,"https://pune.regency.hyatt.com/content/dam/Multimedia/regency/punhr/662x325xgallery_39.jpg.pagespeed.ic.SnWkdDkHDb.jpg"
entrance,"http://puchaspanama.com/wp-content/gallery/hotel-gran-azuero/hotel-entrance.jpg"
entrance,"https://upload.wikimedia.org/wikipedia/commons/6/64/Plaza_Hotel_Entrance.JPG"
entrance,"https://augusta.place.hyatt.com/content/dam/PropertyWebsites/place/agsza/Media/All/737x415xHyatt-Place-Augusta-P012-Twilight-Front-Entrance.gallery-2-3-item-panel.jpg.pagespeed.ic.7xwBz9RMi2.jpg"
entrance,"http://cdn1.buuteeq.com/upload/2035838/hotel-del-casco-entrance.jpg.1920x807_0_124_10000.jpg"
entrance,"https://media-cdn.tripadvisor.com/media/photo-s/01/11/d6/31/palace-hotel-entrance.jpg"
entrance,"https://media-cdn.tripadvisor.com/media/photo-s/01/10/59/3b/morro-s-paulo-hotel-guaiamu.jpg"
entrance,"http://www.michelangelohotel.com/assets/uploads/hotels/the_michelangelo_ny/mediagallery/Starhotels%20The%20Michelangelo_New%20York_Entrance_3.jpg"
entrance,"http://www.barcelonas.com/images/casa-bonay-front-entrance.jpg"
entrance,"https://afar-production.imgix.net/uploads/slideshow/slides/images/AttBVbZKDL/original_The_Walled_Off_Hotel_entrance.jpg?1491525772?ixlib\u003drails-0.3.0\u0026bg\u003dfafafa\u0026fit\u003dfill\u0026h\u003d488\u0026w\u003d650"
entrance,"http://www.graftoncapitalhotel.com/cmsImages/entrance.jpg"
entrance,"https://upload.wikimedia.org/wikipedia/commons/9/95/20070513_Drake_Hotel_Entrance.JPG"
entrance,"http://juweirahotel.com/wp-content/uploads/2015/12/juweira-boutique-hotel-entrance.jpg.jpg"
entrance,"https://static1.squarespace.com/static/519f87b2e4b02061e74db6b6/t/584051ae6a496371af555d18/1380834327954/WKK+Park+Hotel+Croatia+Entrance1.jpg"
entrance,"https://static1.squarespace.com/static/54964f56e4b0311b8dd7ab3b/t/562be27be4b00876a04790ac/1445716618850/disneyland-hotel-entrance.jpg"
entrance,"https://s-media-cache-ak0.pinimg.com/736x/c0/a8/3f/c0a83f5e8eda20e1f51dcaa2f9c2f384.jpg"
entrance,"https://media-cdn.tripadvisor.com/media/photo-s/0e/28/2a/3b/hotel-entrance.jpg"
entrance,"http://cdn1.buuteeq.com/upload/9432/paramount-hotel-entrance.jpg.1920x810_0_412_19200.jpeg"
entrance,"https://media-cdn.tripadvisor.com/media/photo-s/0e/d6/74/99/beautiful-hotel-entrance.jpg"
entrance,"https://www.goldensandsjersey.com/media/exterior-images/golden-sands-hotel-entrance.jpg?w\u003d1200\u0026h\u003d2000"
entrance,"https://upload.wikimedia.org/wikipedia/commons/6/6f/Galle_Face_Hotel_entrance.jpg"
entrance,"https://www.ecured.cu/images/thumb/4/41/The-hotel-entrance.jpg/260px-The-hotel-entrance.jpg"
entrance,"https://media-cdn.tripadvisor.com/media/photo-s/02/dd/85/3b/hotel-entrance.jpg"
entrance,"https://media-cdn.tripadvisor.com/media/photo-s/0e/75/99/89/hotel-entrance.jpg"
entrance,"https://s-media-cache-ak0.pinimg.com/originals/f0/e0/d7/f0e0d7707599d77709fe42d78f03289d.jpg"
entrance,"http://www.thesurrey.com/polopoly_fs/1.13280.1447166293!/fileImage/httpImage/image.jpg_gen/derivatives/landscape_1615/the-surrey-entrance.jpg"
entrance,"https://s-media-cache-ak0.pinimg.com/originals/1d/a9/2b/1da92bbf3c19702d2e3e8d4ed813a46c.jpg"
entrance,"https://upload.wikimedia.org/wikipedia/commons/9/9d/TOKYO_STATION_HOTEL_entrance.jpg"
entrance,"https://media-cdn.tripadvisor.com/media/photo-s/0d/be/6e/e8/hotel-entrance.jpg"
entrance,"https://upload.wikimedia.org/wikipedia/commons/e/e4/HK_Disney%27s_Hollywood_Hotel_Lobby_hall_entrance.JPG"
entrance,"https://media-cdn.tripadvisor.com/media/photo-s/02/39/8f/18/filename-dsc01866-jpg.jpg"
entrance,"https://upload.wikimedia.org/wikipedia/commons/2/27/Istanbul_Hilton_Hotel_entrance.JPG"
entrance,"https://upload.wikimedia.org/wikipedia/commons/9/9e/Hotel_Roanoke_Front_Entrance.jpg"
entrance,"https://upload.wikimedia.org/wikipedia/commons/0/0f/Caleta_Palace_Hotel_entrance.jpg"
entrance,"https://media-cdn.tripadvisor.com/media/photo-s/0d/f2/08/be/hotel-entrance.jpg"
entrance,"https://pune.hyatthotels.hyatt.com/content/dam/PropertyWebsites/hyatt/pnqhy/Media/All/737x415xHyatt-Pune-Hotel-Entrance-1280x720.jpg.pagespeed.ic.2R8MjTuJjw.jpg"
entrance,"https://media-cdn.tripadvisor.com/media/photo-s/06/bf/36/66/valverde-hotel-entrance.jpg"
entrance,"https://media-cdn.tripadvisor.com/media/photo-s/0a/06/0b/4e/front-beach.jpg"
entrance,"https://media-cdn.tripadvisor.com/media/photo-s/0b/df/df/1d/hotel-entrance.jpg"
entrance,"http://www.losinj-hotels.com/media/DOWNLOAD-PHOTO/Aurora-high-res/Wellness-Hotel-Aurora-entrance.jpg"
entrance,"https://canberra.park.hyatt.com/content/dam/Multimedia/park/canbe/662x325xgallery_86.jpg.pagespeed.ic.w7_uvnHbnQ.jpg"
entrance,"https://media-cdn.tripadvisor.com/media/photo-s/0c/c5/b6/4a/the-hotel-entrance.jpg"
entrance,"http://www.arcspace.com/CropUp/-/media/383858/hope_street_hotel_8.jpg"
entrance,"https://jerseycity.regency.hyatt.com/content/dam/PropertyWebsites/regency/newjp/Media/All/737x415xHyatt-Regency-Jersey-City-on-the-Hudson-P196-Lobby.gallery-2-3-item-panel.jpg.pagespeed.ic.yR1ZDJclSs.jpg"
entrance,"http://themeparkreview.com/forum/files/05_legoland_hotel_entrance.jpg"
entrance,"https://static1.squarespace.com/static/52b396bfe4b0be429b309653/52b40e71e4b0530a47b5ff35/52dafb0fe4b0c2e3ce0e6778/1390082832278/3+Entrance.jpg"
entrance,"https://media-cdn.tripadvisor.com/media/photo-s/0d/7f/52/4e/modern-hotel-entrance.jpg"
entrance,"https://media-cdn.tripadvisor.com/media/photo-s/02/6a/de/3f/filename-100-0318-jpg.jpg"
entrance,"http://www.jacirpalace.ps/images/slide/Jacir%20Palace%20Hotel%20Entrance.jpg"
entrance,"http://www.mediterraneotanzania.com/images/tanzania_dar_es_salaam_hotels-mediterraneo-hotel-entrance.jpg"
entrance,"https://media-cdn.tripadvisor.com/media/photo-s/02/96/70/4a/filename-hotel3-jpg-thumbnail0.jpg"
entrance,"https://worldspanmedia.s3.amazonaws.com/media/bodysgallen/gallery/exterior/hotel-entrance.JPG.342x512_q85_crop_detail_upscale.jpg"
entrance,"https://worldspanmedia.s3.amazonaws.com/media/bodysgallen/gallery/exterior/autumn-evening-hotel-entrance.jpg.512x342_q85_crop_detail_upscale.jpg"
entrance,"https://media-cdn.tripadvisor.com/media/photo-s/0e/01/2f/9f/valet-hotel-entrance.jpg"
